initial_lr,optimizer,criterion,train_data_used,train_set_shuffle,train_batch_size,branch1.0,branch2.0,branch3.0,train accuracy epoch0,test accuracy epoch0,method,run
0.001,<class 'torch.optim.adam.Adam'>,CrossEntropyLoss(),1,True,64,193.76543,150.19873,106.95523,80.07833333333333,81.05,deeplift,0
0.001,<class 'torch.optim.adam.Adam'>,CrossEntropyLoss(),1,True,64,218.0795853581809,157.36202939027717,114.29088482793424,80.07833333333333,81.05,integrated_gradients,0
0.001,<class 'torch.optim.adam.Adam'>,CrossEntropyLoss(),1,True,64,106.743126,145.20572,198.12465,80.56,84.11,deeplift,1
0.001,<class 'torch.optim.adam.Adam'>,CrossEntropyLoss(),1,True,64,164.46738674393498,216.87034229469498,285.65501776743093,80.56,84.11,integrated_gradients,1
0.001,<class 'torch.optim.adam.Adam'>,CrossEntropyLoss(),1,True,64,87.04657,179.4098,181.1539,80.71833333333333,82.9,deeplift,2
0.001,<class 'torch.optim.adam.Adam'>,CrossEntropyLoss(),1,True,64,121.68148851101103,243.80287706907723,242.90296662562935,80.71833333333333,82.9,integrated_gradients,2
0.001,<class 'torch.optim.adam.Adam'>,CrossEntropyLoss(),1,True,64,136.08125,231.34834,151.35547,80.41833333333334,83.12,deeplift,3
0.001,<class 'torch.optim.adam.Adam'>,CrossEntropyLoss(),1,True,64,186.9476179705677,304.4268403868017,199.86587493257454,80.41833333333334,83.12,integrated_gradients,3
0.001,<class 'torch.optim.adam.Adam'>,CrossEntropyLoss(),1,True,64,148.72589,143.41913,113.79887,79.42,84.25,deeplift,4
0.001,<class 'torch.optim.adam.Adam'>,CrossEntropyLoss(),1,True,64,180.51973950672317,172.19970301280833,152.6826293334499,79.42,84.25,integrated_gradients,4
0.001,<class 'torch.optim.adam.Adam'>,CrossEntropyLoss(),1,True,64,146.82439,139.47069,175.78992,79.635,82.06,deeplift,5
0.001,<class 'torch.optim.adam.Adam'>,CrossEntropyLoss(),1,True,64,168.26888352444956,164.59139542129304,200.67368683093392,79.635,82.06,integrated_gradients,5
0.001,<class 'torch.optim.adam.Adam'>,CrossEntropyLoss(),1,True,64,112.14591,153.49171,161.55719,80.43833333333333,81.36,deeplift,6
0.001,<class 'torch.optim.adam.Adam'>,CrossEntropyLoss(),1,True,64,163.93677459896506,223.36091490347968,235.63913370734977,80.43833333333333,81.36,integrated_gradients,6
0.001,<class 'torch.optim.adam.Adam'>,CrossEntropyLoss(),1,True,64,171.09842,130.01192,113.787415,79.46666666666667,82.83,deeplift,7
0.001,<class 'torch.optim.adam.Adam'>,CrossEntropyLoss(),1,True,64,216.60680382815613,175.61778446453084,146.3642501965149,79.46666666666667,82.83,integrated_gradients,7
0.001,<class 'torch.optim.adam.Adam'>,CrossEntropyLoss(),1,True,64,178.71815,180.561,114.915855,80.21166666666667,85.05,deeplift,8
0.001,<class 'torch.optim.adam.Adam'>,CrossEntropyLoss(),1,True,64,249.29808675215523,252.03358379233543,170.06382346603704,80.21166666666667,85.05,integrated_gradients,8
0.001,<class 'torch.optim.adam.Adam'>,CrossEntropyLoss(),1,True,64,261.89862,148.22424,125.25968,80.105,84.0,deeplift,9
0.001,<class 'torch.optim.adam.Adam'>,CrossEntropyLoss(),1,True,64,313.0942681218917,191.43316812227891,157.6325169304133,80.105,84.0,integrated_gradients,9
0.001,<class 'torch.optim.adam.Adam'>,CrossEntropyLoss(),1,True,64,90.36228,189.31541,138.97697,80.37166666666667,84.75,deeplift,10
0.001,<class 'torch.optim.adam.Adam'>,CrossEntropyLoss(),1,True,64,112.21329182199679,233.9599287307262,178.61066830898426,80.37166666666667,84.75,integrated_gradients,10
0.001,<class 'torch.optim.adam.Adam'>,CrossEntropyLoss(),1,True,64,153.77321,161.42535,115.214226,80.52666666666667,83.69,deeplift,11
0.001,<class 'torch.optim.adam.Adam'>,CrossEntropyLoss(),1,True,64,190.4211577610505,206.6651406602612,149.7511210558148,80.52666666666667,83.69,integrated_gradients,11
0.001,<class 'torch.optim.adam.Adam'>,CrossEntropyLoss(),1,True,64,112.981026,193.22751,148.07895,79.83,84.45,deeplift,12
0.001,<class 'torch.optim.adam.Adam'>,CrossEntropyLoss(),1,True,64,136.701035502518,244.6145871612756,187.7748644582266,79.83,84.45,integrated_gradients,12
0.001,<class 'torch.optim.adam.Adam'>,CrossEntropyLoss(),1,True,64,158.89369,157.83763,170.63678,79.51666666666667,83.21,deeplift,13
0.001,<class 'torch.optim.adam.Adam'>,CrossEntropyLoss(),1,True,64,210.47768944848428,204.8987551055351,212.6040605529932,79.51666666666667,83.21,integrated_gradients,13
0.001,<class 'torch.optim.adam.Adam'>,CrossEntropyLoss(),1,True,64,185.16443,243.93394,129.05066,80.02833333333334,83.25,deeplift,14
0.001,<class 'torch.optim.adam.Adam'>,CrossEntropyLoss(),1,True,64,232.18904960435066,288.98566497867824,146.4528756653557,80.02833333333334,83.25,integrated_gradients,14
0.001,<class 'torch.optim.adam.Adam'>,CrossEntropyLoss(),1,True,32,211.07018,159.45105,112.58044,81.00833333333334,80.01,deeplift,0
0.001,<class 'torch.optim.adam.Adam'>,CrossEntropyLoss(),1,True,32,255.31241044317508,197.40559507515587,145.45377599160045,81.00833333333334,80.01,integrated_gradients,0
0.001,<class 'torch.optim.adam.Adam'>,CrossEntropyLoss(),1,True,32,109.960754,163.9542,194.73515,81.37166666666667,84.79,deeplift,1
0.001,<class 'torch.optim.adam.Adam'>,CrossEntropyLoss(),1,True,32,172.05637196021715,250.3248067027772,292.4453607644227,81.37166666666667,84.79,integrated_gradients,1
0.001,<class 'torch.optim.adam.Adam'>,CrossEntropyLoss(),1,True,32,92.37866,201.2246,215.88579,80.69333333333333,84.55,deeplift,2
0.001,<class 'torch.optim.adam.Adam'>,CrossEntropyLoss(),1,True,32,119.51447810249353,256.949522563035,271.0554718409701,80.69333333333333,84.55,integrated_gradients,2
0.001,<class 'torch.optim.adam.Adam'>,CrossEntropyLoss(),1,True,32,130.53386,225.48248,142.68806,81.12833333333333,83.58,deeplift,3
0.001,<class 'torch.optim.adam.Adam'>,CrossEntropyLoss(),1,True,32,190.5220997272103,298.76435835140694,198.70580091903406,81.12833333333333,83.58,integrated_gradients,3
0.001,<class 'torch.optim.adam.Adam'>,CrossEntropyLoss(),1,True,32,175.35251,160.74506,142.6166,80.56833333333333,84.09,deeplift,4
0.001,<class 'torch.optim.adam.Adam'>,CrossEntropyLoss(),1,True,32,210.53545225223525,188.76992141731688,178.93135647955822,80.56833333333333,84.09,integrated_gradients,4
0.001,<class 'torch.optim.adam.Adam'>,CrossEntropyLoss(),1,True,32,145.16223,136.6574,194.28719,80.72833333333334,84.15,deeplift,5
0.001,<class 'torch.optim.adam.Adam'>,CrossEntropyLoss(),1,True,32,175.99049698925776,171.7438119530846,241.689488255003,80.72833333333334,84.15,integrated_gradients,5
0.001,<class 'torch.optim.adam.Adam'>,CrossEntropyLoss(),1,True,32,130.8863,174.7073,192.88954,80.415,78.68,deeplift,6
0.001,<class 'torch.optim.adam.Adam'>,CrossEntropyLoss(),1,True,32,195.4395533922023,252.30298465355798,275.6318320289189,80.415,78.68,integrated_gradients,6
0.001,<class 'torch.optim.adam.Adam'>,CrossEntropyLoss(),1,True,32,197.80899,156.76413,136.8016,80.98833333333333,84.09,deeplift,7
0.001,<class 'torch.optim.adam.Adam'>,CrossEntropyLoss(),1,True,32,307.72220704811144,252.03911120933327,211.3220038853373,80.98833333333333,84.09,integrated_gradients,7
0.001,<class 'torch.optim.adam.Adam'>,CrossEntropyLoss(),1,True,32,158.2641,168.94241,115.94319,81.28333333333333,84.9,deeplift,8
0.001,<class 'torch.optim.adam.Adam'>,CrossEntropyLoss(),1,True,32,233.25912616420945,251.67559372127172,183.6086876982945,81.28333333333333,84.9,integrated_gradients,8
0.001,<class 'torch.optim.adam.Adam'>,CrossEntropyLoss(),1,True,32,233.53247,148.66559,119.26647,80.41,84.66,deeplift,9
0.001,<class 'torch.optim.adam.Adam'>,CrossEntropyLoss(),1,True,32,335.7652455060895,231.20554952748046,193.3416139514807,80.41,84.66,integrated_gradients,9
0.001,<class 'torch.optim.adam.Adam'>,CrossEntropyLoss(),1,True,32,87.87472,167.70222,108.06876,81.14166666666667,84.94,deeplift,10
0.001,<class 'torch.optim.adam.Adam'>,CrossEntropyLoss(),1,True,32,141.1794328229383,259.9838604888606,200.2528428635451,81.14166666666667,84.94,integrated_gradients,10
0.001,<class 'torch.optim.adam.Adam'>,CrossEntropyLoss(),1,True,32,170.08516,177.98227,139.58861,81.13,83.33,deeplift,11
0.001,<class 'torch.optim.adam.Adam'>,CrossEntropyLoss(),1,True,32,238.75123163482192,243.85963195258302,198.5866036110012,81.13,83.33,integrated_gradients,11
0.001,<class 'torch.optim.adam.Adam'>,CrossEntropyLoss(),1,True,32,92.75741,242.32191,172.48297,80.835,84.99,deeplift,12
0.001,<class 'torch.optim.adam.Adam'>,CrossEntropyLoss(),1,True,32,129.337776212941,308.77083212234623,227.28051028327997,80.835,84.99,integrated_gradients,12
0.001,<class 'torch.optim.adam.Adam'>,CrossEntropyLoss(),1,True,32,191.55556,177.5133,157.63834,80.45166666666667,83.83,deeplift,13
0.001,<class 'torch.optim.adam.Adam'>,CrossEntropyLoss(),1,True,32,317.183710629459,297.5593119094882,274.845332811221,80.45166666666667,83.83,integrated_gradients,13
0.001,<class 'torch.optim.adam.Adam'>,CrossEntropyLoss(),1,True,32,217.04083,267.87192,141.4977,80.38166666666666,82.81,deeplift,14
0.001,<class 'torch.optim.adam.Adam'>,CrossEntropyLoss(),1,True,32,250.7231176211634,307.814490118148,157.7118942591404,80.38166666666666,82.81,integrated_gradients,14
0.001,<class 'torch.optim.adam.Adam'>,CrossEntropyLoss(),1,True,16,176.116,109.75245,97.06289,81.62666666666667,84.09,deeplift,0
0.001,<class 'torch.optim.adam.Adam'>,CrossEntropyLoss(),1,True,16,236.9713723771082,160.13906165531827,145.28893147343072,81.62666666666667,84.09,integrated_gradients,0
0.001,<class 'torch.optim.adam.Adam'>,CrossEntropyLoss(),1,True,16,103.742935,146.4421,165.1689,81.47,84.01,deeplift,1
0.001,<class 'torch.optim.adam.Adam'>,CrossEntropyLoss(),1,True,16,174.28266094226373,227.87193042510114,246.0290891529346,81.47,84.01,integrated_gradients,1
0.001,<class 'torch.optim.adam.Adam'>,CrossEntropyLoss(),1,True,16,82.18685,194.88425,209.54863,81.54833333333333,84.65,deeplift,2
0.001,<class 'torch.optim.adam.Adam'>,CrossEntropyLoss(),1,True,16,126.005289645218,254.66256765036871,267.7204352625422,81.54833333333333,84.65,integrated_gradients,2
0.001,<class 'torch.optim.adam.Adam'>,CrossEntropyLoss(),1,True,16,143.4897,248.87756,134.54752,81.60666666666667,82.63,deeplift,3
0.001,<class 'torch.optim.adam.Adam'>,CrossEntropyLoss(),1,True,16,184.5890377627669,296.20055692017587,170.41017954031508,81.60666666666667,82.63,integrated_gradients,3
0.001,<class 'torch.optim.adam.Adam'>,CrossEntropyLoss(),1,True,16,184.80522,138.30759,181.62685,81.05833333333334,85.06,deeplift,4
0.001,<class 'torch.optim.adam.Adam'>,CrossEntropyLoss(),1,True,16,246.51728321118142,175.28689908194048,249.27097402371655,81.05833333333334,85.06,integrated_gradients,4
0.001,<class 'torch.optim.adam.Adam'>,CrossEntropyLoss(),1,True,16,147.65767,144.00911,227.10948,80.90833333333333,83.4,deeplift,5
0.001,<class 'torch.optim.adam.Adam'>,CrossEntropyLoss(),1,True,16,189.46483524542214,186.24231991140726,277.9373306105729,80.90833333333333,83.4,integrated_gradients,5
0.001,<class 'torch.optim.adam.Adam'>,CrossEntropyLoss(),1,True,16,120.62829,171.56808,196.28563,80.84,83.34,deeplift,6
0.001,<class 'torch.optim.adam.Adam'>,CrossEntropyLoss(),1,True,16,211.94894475171324,289.182512988923,317.06250596097493,80.84,83.34,integrated_gradients,6
0.001,<class 'torch.optim.adam.Adam'>,CrossEntropyLoss(),1,True,16,208.02715,156.18146,148.04254,81.07833333333333,84.56,deeplift,7
0.001,<class 'torch.optim.adam.Adam'>,CrossEntropyLoss(),1,True,16,279.35547355745643,224.98267387629338,198.5428624915902,81.07833333333333,84.56,integrated_gradients,7
0.001,<class 'torch.optim.adam.Adam'>,CrossEntropyLoss(),1,True,16,158.07845,163.1531,111.21016,81.43833333333333,85.11,deeplift,8
0.001,<class 'torch.optim.adam.Adam'>,CrossEntropyLoss(),1,True,16,241.02892147737586,250.8836459716208,183.73734225737016,81.43833333333333,85.11,integrated_gradients,8
0.001,<class 'torch.optim.adam.Adam'>,CrossEntropyLoss(),1,True,16,247.9422,151.62468,124.4727,81.49166666666666,84.52,deeplift,9
0.001,<class 'torch.optim.adam.Adam'>,CrossEntropyLoss(),1,True,16,340.5543701816362,232.6957965351579,197.12414796339547,81.49166666666666,84.52,integrated_gradients,9
0.001,<class 'torch.optim.adam.Adam'>,CrossEntropyLoss(),1,True,16,117.33246,230.22441,145.7668,81.35166666666667,84.36,deeplift,10
0.001,<class 'torch.optim.adam.Adam'>,CrossEntropyLoss(),1,True,16,158.28077161891895,295.67983687711467,212.58753692064508,81.35166666666667,84.36,integrated_gradients,10
0.001,<class 'torch.optim.adam.Adam'>,CrossEntropyLoss(),1,True,16,163.53815,154.38214,139.74796,81.705,85.11,deeplift,11
0.001,<class 'torch.optim.adam.Adam'>,CrossEntropyLoss(),1,True,16,251.02116001459842,241.12275755102146,226.94031530055037,81.705,85.11,integrated_gradients,11
0.001,<class 'torch.optim.adam.Adam'>,CrossEntropyLoss(),1,True,16,69.09026,224.7265,169.59047,80.965,84.46,deeplift,12
0.001,<class 'torch.optim.adam.Adam'>,CrossEntropyLoss(),1,True,16,105.02581853654725,307.68120541322617,259.6759097668448,80.965,84.46,integrated_gradients,12
0.001,<class 'torch.optim.adam.Adam'>,CrossEntropyLoss(),1,True,16,158.36142,136.62154,134.58263,80.32,81.06,deeplift,13
0.001,<class 'torch.optim.adam.Adam'>,CrossEntropyLoss(),1,True,16,261.1376655160983,234.3902578055617,227.26973251464864,80.32,81.06,integrated_gradients,13
0.001,<class 'torch.optim.adam.Adam'>,CrossEntropyLoss(),1,True,16,190.39044,209.58377,94.47779,80.78833333333333,83.37,deeplift,14
0.001,<class 'torch.optim.adam.Adam'>,CrossEntropyLoss(),1,True,16,260.9439691733027,280.1993967942558,122.18076818728751,80.78833333333333,83.37,integrated_gradients,14
0.001,<class 'torch.optim.adam.Adam'>,CrossEntropyLoss(),1,False,64,207.55406,147.42496,110.91954,79.84,80.3,deeplift,0
0.001,<class 'torch.optim.adam.Adam'>,CrossEntropyLoss(),1,False,64,247.39487544489063,172.20713570895393,138.21305156581823,79.84,80.3,integrated_gradients,0
0.001,<class 'torch.optim.adam.Adam'>,CrossEntropyLoss(),1,False,64,93.23974,164.74425,203.69673,80.67,82.34,deeplift,1
0.001,<class 'torch.optim.adam.Adam'>,CrossEntropyLoss(),1,False,64,130.51657357170822,214.5965875280504,255.58406048274136,80.67,82.34,integrated_gradients,1
0.001,<class 'torch.optim.adam.Adam'>,CrossEntropyLoss(),1,False,64,108.19891,214.82806,202.82277,80.485,82.48,deeplift,2
0.001,<class 'torch.optim.adam.Adam'>,CrossEntropyLoss(),1,False,64,115.39760470496141,237.73820956480438,225.4915660438111,80.485,82.48,integrated_gradients,2
0.001,<class 'torch.optim.adam.Adam'>,CrossEntropyLoss(),1,False,64,107.13679,181.245,123.72081,80.41333333333333,83.77,deeplift,3
0.001,<class 'torch.optim.adam.Adam'>,CrossEntropyLoss(),1,False,64,171.2807032057732,262.55164650743467,187.09545983148854,80.41333333333333,83.77,integrated_gradients,3
0.001,<class 'torch.optim.adam.Adam'>,CrossEntropyLoss(),1,False,64,151.60085,150.46124,125.801216,79.81833333333333,81.16,deeplift,4
0.001,<class 'torch.optim.adam.Adam'>,CrossEntropyLoss(),1,False,64,184.4807707763393,179.86679565256583,163.6858524182044,79.81833333333333,81.16,integrated_gradients,4
0.001,<class 'torch.optim.adam.Adam'>,CrossEntropyLoss(),1,False,64,189.27849,178.75519,212.91531,80.15666666666667,81.23,deeplift,5
0.001,<class 'torch.optim.adam.Adam'>,CrossEntropyLoss(),1,False,64,221.8999849700772,210.8661290310441,253.78481946715058,80.15666666666667,81.23,integrated_gradients,5
0.001,<class 'torch.optim.adam.Adam'>,CrossEntropyLoss(),1,False,64,105.879654,156.34221,162.95268,79.92666666666666,82.78,deeplift,6
0.001,<class 'torch.optim.adam.Adam'>,CrossEntropyLoss(),1,False,64,148.91145042861444,222.4983138587534,228.82738439709425,79.92666666666666,82.78,integrated_gradients,6
0.001,<class 'torch.optim.adam.Adam'>,CrossEntropyLoss(),1,False,64,161.98521,117.76853,113.19212,80.24,82.82,deeplift,7
0.001,<class 'torch.optim.adam.Adam'>,CrossEntropyLoss(),1,False,64,193.91889454111566,141.99475063352895,134.62628247848306,80.24,82.82,integrated_gradients,7
0.001,<class 'torch.optim.adam.Adam'>,CrossEntropyLoss(),1,False,64,182.05643,230.62721,111.608,80.735,81.5,deeplift,8
0.001,<class 'torch.optim.adam.Adam'>,CrossEntropyLoss(),1,False,64,218.76909018958932,275.0165808270159,147.32979826033022,80.735,81.5,integrated_gradients,8
0.001,<class 'torch.optim.adam.Adam'>,CrossEntropyLoss(),1,False,64,203.13504,110.69154,88.190895,80.34,81.76,deeplift,9
0.001,<class 'torch.optim.adam.Adam'>,CrossEntropyLoss(),1,False,64,256.7916255944692,155.7268139930607,123.90122761329445,80.34,81.76,integrated_gradients,9
0.001,<class 'torch.optim.adam.Adam'>,CrossEntropyLoss(),1,False,64,84.05967,175.4454,133.87013,80.13,82.34,deeplift,10
0.001,<class 'torch.optim.adam.Adam'>,CrossEntropyLoss(),1,False,64,104.87689330314073,227.8648339019241,182.61811184270036,80.13,82.34,integrated_gradients,10
0.001,<class 'torch.optim.adam.Adam'>,CrossEntropyLoss(),1,False,64,182.70688,208.10144,138.3886,80.12333333333333,82.13,deeplift,11
0.001,<class 'torch.optim.adam.Adam'>,CrossEntropyLoss(),1,False,64,231.39184270259787,269.49606546247037,186.2402447893456,80.12333333333333,82.13,integrated_gradients,11
0.001,<class 'torch.optim.adam.Adam'>,CrossEntropyLoss(),1,False,64,123.15773,203.49106,150.23824,79.28666666666666,81.32,deeplift,12
0.001,<class 'torch.optim.adam.Adam'>,CrossEntropyLoss(),1,False,64,128.83772678804007,225.14454008729086,160.03884754426747,79.28666666666666,81.32,integrated_gradients,12
0.001,<class 'torch.optim.adam.Adam'>,CrossEntropyLoss(),1,False,64,163.78764,204.40265,159.17651,79.695,81.78,deeplift,13
0.001,<class 'torch.optim.adam.Adam'>,CrossEntropyLoss(),1,False,64,224.1726383138135,275.1272416708349,206.97490278410007,79.695,81.78,integrated_gradients,13
0.001,<class 'torch.optim.adam.Adam'>,CrossEntropyLoss(),1,False,64,190.91432,257.14566,142.6083,80.32166666666667,82.94,deeplift,14
0.001,<class 'torch.optim.adam.Adam'>,CrossEntropyLoss(),1,False,64,235.46262722077523,303.4995594359524,163.3711543025561,80.32166666666667,82.94,integrated_gradients,14
0.001,<class 'torch.optim.adam.Adam'>,CrossEntropyLoss(),1,False,32,221.66658,147.13594,122.24636,80.54666666666667,84.57,deeplift,0
0.001,<class 'torch.optim.adam.Adam'>,CrossEntropyLoss(),1,False,32,312.9675385838364,205.53640255186326,175.4829410651856,80.54666666666667,84.57,integrated_gradients,0
0.001,<class 'torch.optim.adam.Adam'>,CrossEntropyLoss(),1,False,32,113.61638,169.93883,209.57573,81.21,83.6,deeplift,1
0.001,<class 'torch.optim.adam.Adam'>,CrossEntropyLoss(),1,False,32,168.86758846349784,246.21527345898568,298.2957065125056,81.21,83.6,integrated_gradients,1
0.001,<class 'torch.optim.adam.Adam'>,CrossEntropyLoss(),1,False,32,95.91037,207.13303,209.52061,81.35,84.05,deeplift,2
0.001,<class 'torch.optim.adam.Adam'>,CrossEntropyLoss(),1,False,32,127.6067333285074,278.4932154358622,283.5403254140525,81.35,84.05,integrated_gradients,2
0.001,<class 'torch.optim.adam.Adam'>,CrossEntropyLoss(),1,False,32,125.56863,209.17499,133.95811,81.10166666666667,84.66,deeplift,3
0.001,<class 'torch.optim.adam.Adam'>,CrossEntropyLoss(),1,False,32,222.82137615269005,329.35492589444533,225.49077175748204,81.10166666666667,84.66,integrated_gradients,3
0.001,<class 'torch.optim.adam.Adam'>,CrossEntropyLoss(),1,False,32,178.35403,174.19046,128.56166,80.19,83.53,deeplift,4
0.001,<class 'torch.optim.adam.Adam'>,CrossEntropyLoss(),1,False,32,230.04574333220128,216.83078072017068,186.4904819556603,80.19,83.53,integrated_gradients,4
0.001,<class 'torch.optim.adam.Adam'>,CrossEntropyLoss(),1,False,32,184.43713,174.50014,240.90186,80.43166666666667,84.81,deeplift,5
0.001,<class 'torch.optim.adam.Adam'>,CrossEntropyLoss(),1,False,32,224.58636910681963,216.53119595569106,296.04977786821877,80.43166666666667,84.81,integrated_gradients,5
0.001,<class 'torch.optim.adam.Adam'>,CrossEntropyLoss(),1,False,32,139.3688,148.14845,169.44992,80.46333333333334,84.44,deeplift,6
0.001,<class 'torch.optim.adam.Adam'>,CrossEntropyLoss(),1,False,32,197.4938956950787,228.43412313624628,256.1457808890254,80.46333333333334,84.44,integrated_gradients,6
0.001,<class 'torch.optim.adam.Adam'>,CrossEntropyLoss(),1,False,32,164.39122,129.47221,106.828,80.50166666666667,84.17,deeplift,7
0.001,<class 'torch.optim.adam.Adam'>,CrossEntropyLoss(),1,False,32,227.12462850975427,183.72206309214278,147.01058916540842,80.50166666666667,84.17,integrated_gradients,7
0.001,<class 'torch.optim.adam.Adam'>,CrossEntropyLoss(),1,False,32,177.95772,196.60341,130.7977,81.25666666666666,84.02,deeplift,8
0.001,<class 'torch.optim.adam.Adam'>,CrossEntropyLoss(),1,False,32,271.3448346521247,286.28669886654063,210.1008979224217,81.25666666666666,84.02,integrated_gradients,8
0.001,<class 'torch.optim.adam.Adam'>,CrossEntropyLoss(),1,False,32,213.19615,135.16432,106.48445,80.85166666666667,84.83,deeplift,9
0.001,<class 'torch.optim.adam.Adam'>,CrossEntropyLoss(),1,False,32,298.56912200836433,199.44387944313613,156.74000242058628,80.85166666666667,84.83,integrated_gradients,9
0.001,<class 'torch.optim.adam.Adam'>,CrossEntropyLoss(),1,False,32,112.04222,239.54077,173.68254,81.10166666666667,84.9,deeplift,10
0.001,<class 'torch.optim.adam.Adam'>,CrossEntropyLoss(),1,False,32,137.809307153034,307.7978347473538,225.44968274848395,81.10166666666667,84.9,integrated_gradients,10
0.001,<class 'torch.optim.adam.Adam'>,CrossEntropyLoss(),1,False,32,189.11986,193.64253,156.40994,80.52833333333334,83.85,deeplift,11
0.001,<class 'torch.optim.adam.Adam'>,CrossEntropyLoss(),1,False,32,260.38259602613016,275.1300886111923,224.06834892543347,80.52833333333334,83.85,integrated_gradients,11
0.001,<class 'torch.optim.adam.Adam'>,CrossEntropyLoss(),1,False,32,113.32489,229.08351,159.36098,80.29833333333333,84.46,deeplift,12
0.001,<class 'torch.optim.adam.Adam'>,CrossEntropyLoss(),1,False,32,138.74104497814267,282.74452710887215,202.18976425519415,80.29833333333333,84.46,integrated_gradients,12
0.001,<class 'torch.optim.adam.Adam'>,CrossEntropyLoss(),1,False,32,163.3099,198.71297,140.35379,80.45333333333333,85.0,deeplift,13
0.001,<class 'torch.optim.adam.Adam'>,CrossEntropyLoss(),1,False,32,272.7126916324099,316.8172894932864,231.34773530720176,80.45333333333333,85.0,integrated_gradients,13
0.001,<class 'torch.optim.adam.Adam'>,CrossEntropyLoss(),1,False,32,149.92282,216.09848,121.42151,80.715,84.3,deeplift,14
0.001,<class 'torch.optim.adam.Adam'>,CrossEntropyLoss(),1,False,32,198.58609576004915,268.68999027911065,153.80767391784968,80.715,84.3,integrated_gradients,14
0.001,<class 'torch.optim.adam.Adam'>,CrossEntropyLoss(),1,False,16,205.80258,138.02803,109.19475,80.93166666666667,84.74,deeplift,0
0.001,<class 'torch.optim.adam.Adam'>,CrossEntropyLoss(),1,False,16,267.4528394988151,186.35419441387018,154.0943172127692,80.93166666666667,84.74,integrated_gradients,0
0.001,<class 'torch.optim.adam.Adam'>,CrossEntropyLoss(),1,False,16,101.325516,148.53615,176.62543,81.56666666666666,85.1,deeplift,1
0.001,<class 'torch.optim.adam.Adam'>,CrossEntropyLoss(),1,False,16,169.1352956249135,225.45406980338964,261.50459627767935,81.56666666666666,85.1,integrated_gradients,1
0.001,<class 'torch.optim.adam.Adam'>,CrossEntropyLoss(),1,False,16,74.51003,188.66498,189.81198,81.48833333333333,84.73,deeplift,2
0.001,<class 'torch.optim.adam.Adam'>,CrossEntropyLoss(),1,False,16,100.45728671628456,252.1010910745958,254.24390275644214,81.48833333333333,84.73,integrated_gradients,2
0.001,<class 'torch.optim.adam.Adam'>,CrossEntropyLoss(),1,False,16,154.28142,256.6949,144.38747,81.37166666666667,84.81,deeplift,3
0.001,<class 'torch.optim.adam.Adam'>,CrossEntropyLoss(),1,False,16,234.68277238495372,365.29638201758866,214.61087033228003,81.37166666666667,84.81,integrated_gradients,3
0.001,<class 'torch.optim.adam.Adam'>,CrossEntropyLoss(),1,False,16,181.55556,143.33444,180.512,80.845,84.04,deeplift,4
0.001,<class 'torch.optim.adam.Adam'>,CrossEntropyLoss(),1,False,16,231.76827963948062,179.53861090288243,235.63808944242726,80.845,84.04,integrated_gradients,4
0.001,<class 'torch.optim.adam.Adam'>,CrossEntropyLoss(),1,False,16,144.54875,145.93684,204.93648,81.05833333333334,84.49,deeplift,5
0.001,<class 'torch.optim.adam.Adam'>,CrossEntropyLoss(),1,False,16,192.84080809288733,198.55654331042433,277.49599705872504,81.05833333333334,84.49,integrated_gradients,5
0.001,<class 'torch.optim.adam.Adam'>,CrossEntropyLoss(),1,False,16,109.259544,134.89053,158.49239,81.13333333333334,84.38,deeplift,6
0.001,<class 'torch.optim.adam.Adam'>,CrossEntropyLoss(),1,False,16,187.83129977692647,253.78428437183152,284.7800663288235,81.13333333333334,84.38,integrated_gradients,6
0.001,<class 'torch.optim.adam.Adam'>,CrossEntropyLoss(),1,False,16,204.70416,169.58392,141.67223,81.13333333333334,84.47,deeplift,7
0.001,<class 'torch.optim.adam.Adam'>,CrossEntropyLoss(),1,False,16,291.44148617563746,245.98321525806574,200.0223169386432,81.13333333333334,84.47,integrated_gradients,7
0.001,<class 'torch.optim.adam.Adam'>,CrossEntropyLoss(),1,False,16,162.19788,179.15771,121.2444,81.71333333333334,84.85,deeplift,8
0.001,<class 'torch.optim.adam.Adam'>,CrossEntropyLoss(),1,False,16,273.6611967623884,300.1788894585419,225.51559939420164,81.71333333333334,84.85,integrated_gradients,8
0.001,<class 'torch.optim.adam.Adam'>,CrossEntropyLoss(),1,False,16,245.9468,157.0312,123.07648,80.91666666666667,84.61,deeplift,9
0.001,<class 'torch.optim.adam.Adam'>,CrossEntropyLoss(),1,False,16,369.7490810402087,257.9081119058946,205.87590878914688,80.91666666666667,84.61,integrated_gradients,9
0.001,<class 'torch.optim.adam.Adam'>,CrossEntropyLoss(),1,False,16,91.43719,193.36296,132.82472,81.41,83.61,deeplift,10
0.001,<class 'torch.optim.adam.Adam'>,CrossEntropyLoss(),1,False,16,146.92263399453424,283.63668519421634,212.46796374790299,81.41,83.61,integrated_gradients,10
0.001,<class 'torch.optim.adam.Adam'>,CrossEntropyLoss(),1,False,16,189.09984,175.33838,152.43454,81.295,83.65,deeplift,11
0.001,<class 'torch.optim.adam.Adam'>,CrossEntropyLoss(),1,False,16,265.39563552271926,254.44446545277356,224.48938544901682,81.295,83.65,integrated_gradients,11
0.001,<class 'torch.optim.adam.Adam'>,CrossEntropyLoss(),1,False,16,70.57813,198.60959,146.36293,80.75,84.73,deeplift,12
0.001,<class 'torch.optim.adam.Adam'>,CrossEntropyLoss(),1,False,16,127.70808246630251,321.2935087380784,267.6432884368617,80.75,84.73,integrated_gradients,12
0.001,<class 'torch.optim.adam.Adam'>,CrossEntropyLoss(),1,False,16,200.9745,192.45131,158.30823,80.40833333333333,83.32,deeplift,13
0.001,<class 'torch.optim.adam.Adam'>,CrossEntropyLoss(),1,False,16,300.6305250094526,289.14850024701144,246.73867966061385,80.40833333333333,83.32,integrated_gradients,13
0.001,<class 'torch.optim.adam.Adam'>,CrossEntropyLoss(),1,False,16,165.94286,203.21274,95.425476,80.92833333333333,83.84,deeplift,14
0.001,<class 'torch.optim.adam.Adam'>,CrossEntropyLoss(),1,False,16,256.7660705429111,294.04998879889325,133.603673421882,80.92833333333333,83.84,integrated_gradients,14
0.0007,<class 'torch.optim.adam.Adam'>,CrossEntropyLoss(),1,True,64,200.12604,155.83926,112.05376,80.31666666666666,81.62,deeplift,0
0.0007,<class 'torch.optim.adam.Adam'>,CrossEntropyLoss(),1,True,64,205.95822156331218,155.6146143840945,107.46808424833034,80.31666666666666,81.62,integrated_gradients,0
0.0007,<class 'torch.optim.adam.Adam'>,CrossEntropyLoss(),1,True,64,113.727806,167.57443,221.56116,80.615,84.31,deeplift,1
0.0007,<class 'torch.optim.adam.Adam'>,CrossEntropyLoss(),1,True,64,150.8151232480486,214.62100674547204,271.85199220169017,80.615,84.31,integrated_gradients,1
0.0007,<class 'torch.optim.adam.Adam'>,CrossEntropyLoss(),1,True,64,88.43626,176.30841,173.50893,80.96333333333334,82.66,deeplift,2
0.0007,<class 'torch.optim.adam.Adam'>,CrossEntropyLoss(),1,True,64,117.18193055775244,227.2135021817133,224.59158036183592,80.96333333333334,82.66,integrated_gradients,2
0.0007,<class 'torch.optim.adam.Adam'>,CrossEntropyLoss(),1,True,64,129.35646,226.24713,153.26523,80.805,83.08,deeplift,3
0.0007,<class 'torch.optim.adam.Adam'>,CrossEntropyLoss(),1,True,64,167.05192705760942,277.3114568179013,188.6680972843797,80.805,83.08,integrated_gradients,3
0.0007,<class 'torch.optim.adam.Adam'>,CrossEntropyLoss(),1,True,64,148.3383,151.85739,117.522156,79.63,84.05,deeplift,4
0.0007,<class 'torch.optim.adam.Adam'>,CrossEntropyLoss(),1,True,64,174.77975868274868,173.81537942614207,145.33919323809036,79.63,84.05,integrated_gradients,4
0.0007,<class 'torch.optim.adam.Adam'>,CrossEntropyLoss(),1,True,64,167.14659,158.63681,192.34879,80.02333333333333,82.27,deeplift,5
0.0007,<class 'torch.optim.adam.Adam'>,CrossEntropyLoss(),1,True,64,186.1203992989763,180.23436628628323,223.88185690646097,80.02333333333333,82.27,integrated_gradients,5
0.0007,<class 'torch.optim.adam.Adam'>,CrossEntropyLoss(),1,True,64,131.78918,146.96333,161.90463,80.46,78.56,deeplift,6
0.0007,<class 'torch.optim.adam.Adam'>,CrossEntropyLoss(),1,True,64,177.43271238918433,209.12239725539635,223.6365133900406,80.46,78.56,integrated_gradients,6
0.0007,<class 'torch.optim.adam.Adam'>,CrossEntropyLoss(),1,True,64,175.08786,126.63946,116.75733,79.72666666666667,83.73,deeplift,7
0.0007,<class 'torch.optim.adam.Adam'>,CrossEntropyLoss(),1,True,64,198.18308643246746,147.11313325104877,127.65231805160212,79.72666666666667,83.73,integrated_gradients,7
0.0007,<class 'torch.optim.adam.Adam'>,CrossEntropyLoss(),1,True,64,148.47418,192.56583,97.35602,80.73333333333333,85.06,deeplift,8
0.0007,<class 'torch.optim.adam.Adam'>,CrossEntropyLoss(),1,True,64,182.07791334587554,234.1364798777005,125.28898389387332,80.73333333333333,85.06,integrated_gradients,8
0.0007,<class 'torch.optim.adam.Adam'>,CrossEntropyLoss(),1,True,64,247.56314,140.2368,117.857765,80.14,83.62,deeplift,9
0.0007,<class 'torch.optim.adam.Adam'>,CrossEntropyLoss(),1,True,64,271.11343526097704,159.782004041989,129.333975145189,80.14,83.62,integrated_gradients,9
0.0007,<class 'torch.optim.adam.Adam'>,CrossEntropyLoss(),1,True,64,101.746284,198.98965,144.44753,80.27333333333333,84.65,deeplift,10
0.0007,<class 'torch.optim.adam.Adam'>,CrossEntropyLoss(),1,True,64,112.93052746744975,225.57513149004313,174.6811997142814,80.27333333333333,84.65,integrated_gradients,10
0.0007,<class 'torch.optim.adam.Adam'>,CrossEntropyLoss(),1,True,64,147.85716,167.32077,116.41094,80.565,84.07,deeplift,11
0.0007,<class 'torch.optim.adam.Adam'>,CrossEntropyLoss(),1,True,64,173.80814040762795,198.0992843916576,136.13316019641653,80.565,84.07,integrated_gradients,11
0.0007,<class 'torch.optim.adam.Adam'>,CrossEntropyLoss(),1,True,64,136.72769,203.19655,156.92824,79.49,83.77,deeplift,12
0.0007,<class 'torch.optim.adam.Adam'>,CrossEntropyLoss(),1,True,64,152.5590282805099,236.04835986856108,181.85604465613503,79.49,83.77,integrated_gradients,12
0.0007,<class 'torch.optim.adam.Adam'>,CrossEntropyLoss(),1,True,64,140.19537,205.28488,156.96513,79.81833333333333,83.56,deeplift,13
0.0007,<class 'torch.optim.adam.Adam'>,CrossEntropyLoss(),1,True,64,169.97019767768612,236.9197182386068,177.48556235403942,79.81833333333333,83.56,integrated_gradients,13
0.0007,<class 'torch.optim.adam.Adam'>,CrossEntropyLoss(),1,True,64,174.56166,245.74295,138.13756,80.13,83.06,deeplift,14
0.0007,<class 'torch.optim.adam.Adam'>,CrossEntropyLoss(),1,True,64,200.34838481510306,273.99661772499957,147.09680123324148,80.13,83.06,integrated_gradients,14
0.0007,<class 'torch.optim.adam.Adam'>,CrossEntropyLoss(),1,True,32,184.56029,140.03903,101.09735,81.12833333333333,81.51,deeplift,0
0.0007,<class 'torch.optim.adam.Adam'>,CrossEntropyLoss(),1,True,32,211.49999163783966,161.60670997481702,116.8722472243054,81.12833333333333,81.51,integrated_gradients,0
0.0007,<class 'torch.optim.adam.Adam'>,CrossEntropyLoss(),1,True,32,103.08119,148.74924,185.946,81.625,84.51,deeplift,1
0.0007,<class 'torch.optim.adam.Adam'>,CrossEntropyLoss(),1,True,32,174.7470296961722,242.15869874795555,291.12315491156517,81.625,84.51,integrated_gradients,1
0.0007,<class 'torch.optim.adam.Adam'>,CrossEntropyLoss(),1,True,32,85.2893,189.0734,192.97746,81.15333333333334,84.65,deeplift,2
0.0007,<class 'torch.optim.adam.Adam'>,CrossEntropyLoss(),1,True,32,102.60267963014478,231.13065398273812,237.12648581830223,81.15333333333334,84.65,integrated_gradients,2
0.0007,<class 'torch.optim.adam.Adam'>,CrossEntropyLoss(),1,True,32,127.03121,223.01343,142.07942,81.20333333333333,84.08,deeplift,3
0.0007,<class 'torch.optim.adam.Adam'>,CrossEntropyLoss(),1,True,32,188.9036036976243,309.50992814416315,204.45486889565902,81.20333333333333,84.08,integrated_gradients,3
0.0007,<class 'torch.optim.adam.Adam'>,CrossEntropyLoss(),1,True,32,159.86206,152.21689,138.63605,80.90833333333333,84.83,deeplift,4
0.0007,<class 'torch.optim.adam.Adam'>,CrossEntropyLoss(),1,True,32,207.63818416335846,194.9313962698818,190.52369900333863,80.90833333333333,84.83,integrated_gradients,4
0.0007,<class 'torch.optim.adam.Adam'>,CrossEntropyLoss(),1,True,32,141.7277,132.5562,197.36896,80.825,83.48,deeplift,5
0.0007,<class 'torch.optim.adam.Adam'>,CrossEntropyLoss(),1,True,32,185.6963963677084,180.59299419596016,255.68317803249968,80.825,83.48,integrated_gradients,5
0.0007,<class 'torch.optim.adam.Adam'>,CrossEntropyLoss(),1,True,32,139.4621,179.75253,203.0752,80.73833333333333,80.19,deeplift,6
0.0007,<class 'torch.optim.adam.Adam'>,CrossEntropyLoss(),1,True,32,194.49562008303465,245.3788455339287,270.0985202357336,80.73833333333333,80.19,integrated_gradients,6
0.0007,<class 'torch.optim.adam.Adam'>,CrossEntropyLoss(),1,True,32,228.52129,175.61737,148.87473,80.75333333333333,84.36,deeplift,7
0.0007,<class 'torch.optim.adam.Adam'>,CrossEntropyLoss(),1,True,32,281.07180856482864,226.9311516218612,183.085976859974,80.75333333333333,84.36,integrated_gradients,7
0.0007,<class 'torch.optim.adam.Adam'>,CrossEntropyLoss(),1,True,32,162.35025,229.14177,124.3741,81.42333333333333,85.69,deeplift,8
0.0007,<class 'torch.optim.adam.Adam'>,CrossEntropyLoss(),1,True,32,218.78982807802555,300.0240106328053,175.49054394723527,81.42333333333333,85.69,integrated_gradients,8
0.0007,<class 'torch.optim.adam.Adam'>,CrossEntropyLoss(),1,True,32,226.03549,148.77681,122.33453,80.85833333333333,85.16,deeplift,9
0.0007,<class 'torch.optim.adam.Adam'>,CrossEntropyLoss(),1,True,32,289.4970183238379,188.391866335353,154.29904938156963,80.85833333333333,85.16,integrated_gradients,9
0.0007,<class 'torch.optim.adam.Adam'>,CrossEntropyLoss(),1,True,32,95.960556,179.39323,119.36468,81.36,85.08,deeplift,10
0.0007,<class 'torch.optim.adam.Adam'>,CrossEntropyLoss(),1,True,32,138.08672085177227,255.24372225334648,188.5622409262505,81.36,85.08,integrated_gradients,10
0.0007,<class 'torch.optim.adam.Adam'>,CrossEntropyLoss(),1,True,32,175.14983,178.74779,136.99803,80.99166666666666,83.76,deeplift,11
0.0007,<class 'torch.optim.adam.Adam'>,CrossEntropyLoss(),1,True,32,234.94039204234687,242.80792701073443,188.49815522946784,80.99166666666666,83.76,integrated_gradients,11
0.0007,<class 'torch.optim.adam.Adam'>,CrossEntropyLoss(),1,True,32,108.20563,222.43933,167.61217,80.9,84.48,deeplift,12
0.0007,<class 'torch.optim.adam.Adam'>,CrossEntropyLoss(),1,True,32,130.97410871574084,275.2075156608742,207.73021773680796,80.9,84.48,integrated_gradients,12
0.0007,<class 'torch.optim.adam.Adam'>,CrossEntropyLoss(),1,True,32,163.949,214.04225,141.13625,80.85666666666667,84.6,deeplift,13
0.0007,<class 'torch.optim.adam.Adam'>,CrossEntropyLoss(),1,True,32,262.5020303760282,321.3299047107867,225.08192047980918,80.85666666666667,84.6,integrated_gradients,13
0.0007,<class 'torch.optim.adam.Adam'>,CrossEntropyLoss(),1,True,32,170.62274,228.4755,127.46694,80.40666666666667,82.94,deeplift,14
0.0007,<class 'torch.optim.adam.Adam'>,CrossEntropyLoss(),1,True,32,190.32603493657263,256.51173519503345,139.89154324125502,80.40666666666667,82.94,integrated_gradients,14
0.0007,<class 'torch.optim.adam.Adam'>,CrossEntropyLoss(),1,True,16,177.24458,122.610374,100.49934,81.72166666666666,83.12,deeplift,0
0.0007,<class 'torch.optim.adam.Adam'>,CrossEntropyLoss(),1,True,16,259.4565064671107,183.0752092204819,159.6447419894583,81.72166666666666,83.12,integrated_gradients,0
0.0007,<class 'torch.optim.adam.Adam'>,CrossEntropyLoss(),1,True,16,127.55962,178.04297,214.12401,81.67333333333333,84.86,deeplift,1
0.0007,<class 'torch.optim.adam.Adam'>,CrossEntropyLoss(),1,True,16,179.84681937943475,238.56494629817405,270.2695208013972,81.67333333333333,84.86,integrated_gradients,1
0.0007,<class 'torch.optim.adam.Adam'>,CrossEntropyLoss(),1,True,16,85.41124,204.2911,215.5792,81.72166666666666,85.22,deeplift,2
0.0007,<class 'torch.optim.adam.Adam'>,CrossEntropyLoss(),1,True,16,117.27728621942894,246.73847994626604,254.7541193426193,81.72166666666666,85.22,integrated_gradients,2
0.0007,<class 'torch.optim.adam.Adam'>,CrossEntropyLoss(),1,True,16,144.1655,244.79701,141.73094,81.72333333333333,82.93,deeplift,3
0.0007,<class 'torch.optim.adam.Adam'>,CrossEntropyLoss(),1,True,16,191.05299494071255,299.23056635988956,183.39546018700705,81.72333333333333,82.93,integrated_gradients,3
0.0007,<class 'torch.optim.adam.Adam'>,CrossEntropyLoss(),1,True,16,170.20253,141.32707,151.31386,81.22666666666667,84.35,deeplift,4
0.0007,<class 'torch.optim.adam.Adam'>,CrossEntropyLoss(),1,True,16,230.74810839329135,177.343423275506,212.73382783879197,81.22666666666667,84.35,integrated_gradients,4
0.0007,<class 'torch.optim.adam.Adam'>,CrossEntropyLoss(),1,True,16,171.3348,161.63391,230.8843,80.99833333333333,83.27,deeplift,5
0.0007,<class 'torch.optim.adam.Adam'>,CrossEntropyLoss(),1,True,16,188.28359898171655,183.06828882553876,255.61768190316803,80.99833333333333,83.27,integrated_gradients,5
0.0007,<class 'torch.optim.adam.Adam'>,CrossEntropyLoss(),1,True,16,121.838875,181.71425,205.25162,81.27333333333333,82.81,deeplift,6
0.0007,<class 'torch.optim.adam.Adam'>,CrossEntropyLoss(),1,True,16,201.59109899171975,271.84660524639264,295.4149235453845,81.27333333333333,82.81,integrated_gradients,6
0.0007,<class 'torch.optim.adam.Adam'>,CrossEntropyLoss(),1,True,16,206.47769,149.9732,138.31702,81.23333333333333,84.45,deeplift,7
0.0007,<class 'torch.optim.adam.Adam'>,CrossEntropyLoss(),1,True,16,244.25297739691746,183.28184390437693,164.57418201154087,81.23333333333333,84.45,integrated_gradients,7
0.0007,<class 'torch.optim.adam.Adam'>,CrossEntropyLoss(),1,True,16,150.91653,214.29895,107.96912,81.80166666666666,84.2,deeplift,8
0.0007,<class 'torch.optim.adam.Adam'>,CrossEntropyLoss(),1,True,16,229.7607956256365,304.59634075537264,176.46404291202816,81.80166666666666,84.2,integrated_gradients,8
0.0007,<class 'torch.optim.adam.Adam'>,CrossEntropyLoss(),1,True,16,209.62746,131.90593,109.961464,81.35,85.1,deeplift,9
0.0007,<class 'torch.optim.adam.Adam'>,CrossEntropyLoss(),1,True,16,308.2607123056111,209.03902697544598,180.72529678492108,81.35,85.1,integrated_gradients,9
0.0007,<class 'torch.optim.adam.Adam'>,CrossEntropyLoss(),1,True,16,107.522865,207.83487,133.35757,81.66833333333334,83.96,deeplift,10
0.0007,<class 'torch.optim.adam.Adam'>,CrossEntropyLoss(),1,True,16,139.82819793094984,268.4166801080242,197.734023804574,81.66833333333334,83.96,integrated_gradients,10
0.0007,<class 'torch.optim.adam.Adam'>,CrossEntropyLoss(),1,True,16,174.25655,176.64911,159.82677,81.865,85.82,deeplift,11
0.0007,<class 'torch.optim.adam.Adam'>,CrossEntropyLoss(),1,True,16,262.3581145845644,267.11320900538107,244.00590535964113,81.865,85.82,integrated_gradients,11
0.0007,<class 'torch.optim.adam.Adam'>,CrossEntropyLoss(),1,True,16,78.63296,235.07994,175.95576,81.02833333333334,84.64,deeplift,12
0.0007,<class 'torch.optim.adam.Adam'>,CrossEntropyLoss(),1,True,16,122.56737990610769,320.70107265168036,256.2755864511531,81.02833333333334,84.64,integrated_gradients,12
0.0007,<class 'torch.optim.adam.Adam'>,CrossEntropyLoss(),1,True,16,147.27278,139.93152,133.23004,80.415,81.86,deeplift,13
0.0007,<class 'torch.optim.adam.Adam'>,CrossEntropyLoss(),1,True,16,214.60938154463494,204.94310287231863,196.70227734317666,80.415,81.86,integrated_gradients,13
0.0007,<class 'torch.optim.adam.Adam'>,CrossEntropyLoss(),1,True,16,186.79616,205.64825,96.44396,80.83166666666666,81.95,deeplift,14
0.0007,<class 'torch.optim.adam.Adam'>,CrossEntropyLoss(),1,True,16,241.9583461613933,258.92243956800615,123.20717702953432,80.83166666666666,81.95,integrated_gradients,14
0.0007,<class 'torch.optim.adam.Adam'>,CrossEntropyLoss(),1,False,64,227.36119,158.38332,132.41093,79.775,80.87,deeplift,0
0.0007,<class 'torch.optim.adam.Adam'>,CrossEntropyLoss(),1,False,64,250.67086020701024,167.04043068100748,143.024509502616,79.775,80.87,integrated_gradients,0
0.0007,<class 'torch.optim.adam.Adam'>,CrossEntropyLoss(),1,False,64,111.31335,177.76259,233.77077,80.99,81.63,deeplift,1
0.0007,<class 'torch.optim.adam.Adam'>,CrossEntropyLoss(),1,False,64,130.5139077917818,214.792397106374,275.4759797413461,80.99,81.63,integrated_gradients,1
0.0007,<class 'torch.optim.adam.Adam'>,CrossEntropyLoss(),1,False,64,107.256256,215.13919,202.14659,80.665,82.88,deeplift,2
0.0007,<class 'torch.optim.adam.Adam'>,CrossEntropyLoss(),1,False,64,103.63894307411445,225.63672063772887,211.68540774392602,80.665,82.88,integrated_gradients,2
0.0007,<class 'torch.optim.adam.Adam'>,CrossEntropyLoss(),1,False,64,117.67668,207.1245,142.25102,80.61,81.44,deeplift,3
0.0007,<class 'torch.optim.adam.Adam'>,CrossEntropyLoss(),1,False,64,153.7649855551516,265.81942098220065,180.05232621689805,80.61,81.44,integrated_gradients,3
0.0007,<class 'torch.optim.adam.Adam'>,CrossEntropyLoss(),1,False,64,170.8069,173.18962,148.59224,79.935,82.41,deeplift,4
0.0007,<class 'torch.optim.adam.Adam'>,CrossEntropyLoss(),1,False,64,205.9105184913386,207.58573029633214,184.11491317131023,79.935,82.41,integrated_gradients,4
0.0007,<class 'torch.optim.adam.Adam'>,CrossEntropyLoss(),1,False,64,174.68677,167.97285,188.33719,80.28666666666666,82.63,deeplift,5
0.0007,<class 'torch.optim.adam.Adam'>,CrossEntropyLoss(),1,False,64,188.02520633838193,184.8739475148838,209.61590343347956,80.28666666666666,82.63,integrated_gradients,5
0.0007,<class 'torch.optim.adam.Adam'>,CrossEntropyLoss(),1,False,64,115.40655,158.91183,171.7056,80.12,81.86,deeplift,6
0.0007,<class 'torch.optim.adam.Adam'>,CrossEntropyLoss(),1,False,64,141.05346242456943,215.8618251275121,228.5219998424366,80.12,81.86,integrated_gradients,6
0.0007,<class 'torch.optim.adam.Adam'>,CrossEntropyLoss(),1,False,64,161.63452,121.20895,108.71618,80.36833333333334,82.88,deeplift,7
0.0007,<class 'torch.optim.adam.Adam'>,CrossEntropyLoss(),1,False,64,181.90106569678122,137.55627991828652,124.29622590847703,80.36833333333334,82.88,integrated_gradients,7
0.0007,<class 'torch.optim.adam.Adam'>,CrossEntropyLoss(),1,False,64,166.83752,214.93799,105.95521,80.96333333333334,81.61,deeplift,8
0.0007,<class 'torch.optim.adam.Adam'>,CrossEntropyLoss(),1,False,64,207.11009682306667,267.3492972573771,148.98743400808712,80.96333333333334,81.61,integrated_gradients,8
0.0007,<class 'torch.optim.adam.Adam'>,CrossEntropyLoss(),1,False,64,186.91914,140.35391,112.819786,80.4,81.78,deeplift,9
0.0007,<class 'torch.optim.adam.Adam'>,CrossEntropyLoss(),1,False,64,224.2719653220108,169.11679065162048,131.51120259936502,80.4,81.78,integrated_gradients,9
0.0007,<class 'torch.optim.adam.Adam'>,CrossEntropyLoss(),1,False,64,91.74476,189.80284,140.45213,80.415,81.54,deeplift,10
0.0007,<class 'torch.optim.adam.Adam'>,CrossEntropyLoss(),1,False,64,93.19351691510616,208.56424029032303,156.68695202454845,80.415,81.54,integrated_gradients,10
0.0007,<class 'torch.optim.adam.Adam'>,CrossEntropyLoss(),1,False,64,158.53976,199.74323,134.42465,80.43666666666667,81.29,deeplift,11
0.0007,<class 'torch.optim.adam.Adam'>,CrossEntropyLoss(),1,False,64,203.26573987510392,255.69038709096262,176.62122102295518,80.43666666666667,81.29,integrated_gradients,11
0.0007,<class 'torch.optim.adam.Adam'>,CrossEntropyLoss(),1,False,64,110.51189,164.08075,125.66308,79.41833333333334,82.4,deeplift,12
0.0007,<class 'torch.optim.adam.Adam'>,CrossEntropyLoss(),1,False,64,118.4853219580906,176.48570696204965,134.05033716355504,79.41833333333334,82.4,integrated_gradients,12
0.0007,<class 'torch.optim.adam.Adam'>,CrossEntropyLoss(),1,False,64,144.3844,193.53099,151.47623,80.19666666666667,81.74,deeplift,13
0.0007,<class 'torch.optim.adam.Adam'>,CrossEntropyLoss(),1,False,64,196.19489119866552,256.49103335466583,195.50962293549415,80.19666666666667,81.74,integrated_gradients,13
0.0007,<class 'torch.optim.adam.Adam'>,CrossEntropyLoss(),1,False,64,157.77559,228.7352,136.01074,80.595,81.73,deeplift,14
0.0007,<class 'torch.optim.adam.Adam'>,CrossEntropyLoss(),1,False,64,202.1639639502477,274.34181832803307,158.16150081444272,80.595,81.73,integrated_gradients,14
0.0007,<class 'torch.optim.adam.Adam'>,CrossEntropyLoss(),1,False,32,178.83525,134.44357,98.17404,80.61666666666666,83.43,deeplift,0
0.0007,<class 'torch.optim.adam.Adam'>,CrossEntropyLoss(),1,False,32,226.03208700253865,171.57812830344895,132.40040768871702,80.61666666666666,83.43,integrated_gradients,0
0.0007,<class 'torch.optim.adam.Adam'>,CrossEntropyLoss(),1,False,32,96.064255,152.19798,195.28996,81.385,83.79,deeplift,1
0.0007,<class 'torch.optim.adam.Adam'>,CrossEntropyLoss(),1,False,32,158.0917720350753,235.10354305160666,292.707128578171,81.385,83.79,integrated_gradients,1
0.0007,<class 'torch.optim.adam.Adam'>,CrossEntropyLoss(),1,False,32,96.74952,206.25641,203.78116,81.42666666666666,84.39,deeplift,2
0.0007,<class 'torch.optim.adam.Adam'>,CrossEntropyLoss(),1,False,32,119.73413598592195,266.86659074666545,264.15410452751627,81.42666666666666,84.39,integrated_gradients,2
0.0007,<class 'torch.optim.adam.Adam'>,CrossEntropyLoss(),1,False,32,119.03778,202.53583,133.93637,81.11666666666666,84.86,deeplift,3
0.0007,<class 'torch.optim.adam.Adam'>,CrossEntropyLoss(),1,False,32,193.50073357448207,296.01536310601847,205.26086478020477,81.11666666666666,84.86,integrated_gradients,3
0.0007,<class 'torch.optim.adam.Adam'>,CrossEntropyLoss(),1,False,32,175.82863,168.38661,152.13235,80.74166666666666,83.71,deeplift,4
0.0007,<class 'torch.optim.adam.Adam'>,CrossEntropyLoss(),1,False,32,232.7251584958629,219.23263141585548,215.18098011811094,80.74166666666666,83.71,integrated_gradients,4
0.0007,<class 'torch.optim.adam.Adam'>,CrossEntropyLoss(),1,False,32,176.59033,167.64795,216.98557,80.78,84.42,deeplift,5
0.0007,<class 'torch.optim.adam.Adam'>,CrossEntropyLoss(),1,False,32,200.3137163688911,195.51049315300725,247.17675308340262,80.78,84.42,integrated_gradients,5
0.0007,<class 'torch.optim.adam.Adam'>,CrossEntropyLoss(),1,False,32,168.875,200.56972,227.72122,80.73,84.1,deeplift,6
0.0007,<class 'torch.optim.adam.Adam'>,CrossEntropyLoss(),1,False,32,200.67038425779603,242.63328827666243,273.6421282833856,80.73,84.1,integrated_gradients,6
0.0007,<class 'torch.optim.adam.Adam'>,CrossEntropyLoss(),1,False,32,186.24179,140.59958,125.81817,80.495,84.46,deeplift,7
0.0007,<class 'torch.optim.adam.Adam'>,CrossEntropyLoss(),1,False,32,204.16841897110268,162.81857080775788,135.3548117187215,80.495,84.46,integrated_gradients,7
0.0007,<class 'torch.optim.adam.Adam'>,CrossEntropyLoss(),1,False,32,157.86035,218.17694,112.521,81.42166666666667,84.78,deeplift,8
0.0007,<class 'torch.optim.adam.Adam'>,CrossEntropyLoss(),1,False,32,224.75094009796302,302.6668968701812,174.7778012663392,81.42166666666667,84.78,integrated_gradients,8
0.0007,<class 'torch.optim.adam.Adam'>,CrossEntropyLoss(),1,False,32,229.91203,147.58409,121.20971,80.995,84.56,deeplift,9
0.0007,<class 'torch.optim.adam.Adam'>,CrossEntropyLoss(),1,False,32,306.46138516597205,206.46986026903195,169.31252488759174,80.995,84.56,integrated_gradients,9
0.0007,<class 'torch.optim.adam.Adam'>,CrossEntropyLoss(),1,False,32,110.91977,219.07608,162.20624,81.08333333333333,84.43,deeplift,10
0.0007,<class 'torch.optim.adam.Adam'>,CrossEntropyLoss(),1,False,32,118.91145007724218,255.7535428364825,194.67816757960705,81.08333333333333,84.43,integrated_gradients,10
0.0007,<class 'torch.optim.adam.Adam'>,CrossEntropyLoss(),1,False,32,190.31345,207.9917,154.44969,80.87833333333333,84.41,deeplift,11
0.0007,<class 'torch.optim.adam.Adam'>,CrossEntropyLoss(),1,False,32,251.08273076326313,286.09109765041484,213.9414364287226,80.87833333333333,84.41,integrated_gradients,11
0.0007,<class 'torch.optim.adam.Adam'>,CrossEntropyLoss(),1,False,32,130.22156,209.00468,154.89392,80.595,84.18,deeplift,12
0.0007,<class 'torch.optim.adam.Adam'>,CrossEntropyLoss(),1,False,32,145.04220102416457,242.63755363386528,177.91521365920912,80.595,84.18,integrated_gradients,12
0.0007,<class 'torch.optim.adam.Adam'>,CrossEntropyLoss(),1,False,32,157.33339,215.06288,159.89606,80.675,84.14,deeplift,13
0.0007,<class 'torch.optim.adam.Adam'>,CrossEntropyLoss(),1,False,32,249.89626152088266,311.07483580588166,239.97564257692255,80.675,84.14,integrated_gradients,13
0.0007,<class 'torch.optim.adam.Adam'>,CrossEntropyLoss(),1,False,32,135.74551,205.01567,122.10208,80.79333333333334,84.65,deeplift,14
0.0007,<class 'torch.optim.adam.Adam'>,CrossEntropyLoss(),1,False,32,195.52322940804717,269.67783599633077,155.41243051337608,80.79333333333334,84.65,integrated_gradients,14
0.0007,<class 'torch.optim.adam.Adam'>,CrossEntropyLoss(),1,False,16,186.2138,136.35175,102.11467,80.93666666666667,84.76,deeplift,0
0.0007,<class 'torch.optim.adam.Adam'>,CrossEntropyLoss(),1,False,16,251.2628093022598,180.01955406786132,142.56999228060462,80.93666666666667,84.76,integrated_gradients,0
0.0007,<class 'torch.optim.adam.Adam'>,CrossEntropyLoss(),1,False,16,103.1896,141.81744,180.09425,81.575,85.17,deeplift,1
0.0007,<class 'torch.optim.adam.Adam'>,CrossEntropyLoss(),1,False,16,178.92882657207286,232.5699777966897,281.001049084582,81.575,85.17,integrated_gradients,1
0.0007,<class 'torch.optim.adam.Adam'>,CrossEntropyLoss(),1,False,16,72.41977,178.40059,181.48175,81.48833333333333,84.42,deeplift,2
0.0007,<class 'torch.optim.adam.Adam'>,CrossEntropyLoss(),1,False,16,98.64010557428173,243.74776288507175,246.03087606119692,81.48833333333333,84.42,integrated_gradients,2
0.0007,<class 'torch.optim.adam.Adam'>,CrossEntropyLoss(),1,False,16,150.34932,247.75813,138.092,81.64166666666667,84.36,deeplift,3
0.0007,<class 'torch.optim.adam.Adam'>,CrossEntropyLoss(),1,False,16,241.19060120472565,371.009519524298,217.31407053692533,81.64166666666667,84.36,integrated_gradients,3
0.0007,<class 'torch.optim.adam.Adam'>,CrossEntropyLoss(),1,False,16,157.74022,140.01762,141.42549,80.88833333333334,84.46,deeplift,4
0.0007,<class 'torch.optim.adam.Adam'>,CrossEntropyLoss(),1,False,16,218.2064545116071,183.45962798068854,207.57439931571653,80.88833333333334,84.46,integrated_gradients,4
0.0007,<class 'torch.optim.adam.Adam'>,CrossEntropyLoss(),1,False,16,131.87354,128.21161,180.78543,81.02333333333333,84.39,deeplift,5
0.0007,<class 'torch.optim.adam.Adam'>,CrossEntropyLoss(),1,False,16,171.2603520440645,174.6516863749374,235.8233076756725,81.02333333333333,84.39,integrated_gradients,5
0.0007,<class 'torch.optim.adam.Adam'>,CrossEntropyLoss(),1,False,16,122.86013,136.69092,150.58696,81.375,84.13,deeplift,6
0.0007,<class 'torch.optim.adam.Adam'>,CrossEntropyLoss(),1,False,16,201.67024872127243,235.6110185839847,255.62166363849005,81.375,84.13,integrated_gradients,6
0.0007,<class 'torch.optim.adam.Adam'>,CrossEntropyLoss(),1,False,16,249.48546,202.32487,166.16016,81.2,84.16,deeplift,7
0.0007,<class 'torch.optim.adam.Adam'>,CrossEntropyLoss(),1,False,16,333.57698108589517,275.83252445840566,221.2481592808987,81.2,84.16,integrated_gradients,7
0.0007,<class 'torch.optim.adam.Adam'>,CrossEntropyLoss(),1,False,16,148.62637,217.67917,117.37274,81.70333333333333,85.28,deeplift,8
0.0007,<class 'torch.optim.adam.Adam'>,CrossEntropyLoss(),1,False,16,256.4738028301186,349.65125632018055,217.6289793257152,81.70333333333333,85.28,integrated_gradients,8
0.0007,<class 'torch.optim.adam.Adam'>,CrossEntropyLoss(),1,False,16,226.27496,130.12917,106.20341,81.295,83.55,deeplift,9
0.0007,<class 'torch.optim.adam.Adam'>,CrossEntropyLoss(),1,False,16,311.83524580616677,195.20986731949336,161.72226910797784,81.295,83.55,integrated_gradients,9
0.0007,<class 'torch.optim.adam.Adam'>,CrossEntropyLoss(),1,False,16,107.608955,211.18365,139.50478,81.62166666666667,84.12,deeplift,10
0.0007,<class 'torch.optim.adam.Adam'>,CrossEntropyLoss(),1,False,16,166.80590454264964,306.6899530212802,229.85588559651438,81.62166666666667,84.12,integrated_gradients,10
0.0007,<class 'torch.optim.adam.Adam'>,CrossEntropyLoss(),1,False,16,181.34315,170.92377,146.22073,81.385,84.53,deeplift,11
0.0007,<class 'torch.optim.adam.Adam'>,CrossEntropyLoss(),1,False,16,252.9578522099075,242.33345197784865,209.98284483310647,81.385,84.53,integrated_gradients,11
0.0007,<class 'torch.optim.adam.Adam'>,CrossEntropyLoss(),1,False,16,94.83947,218.96315,165.92441,80.91666666666667,85.03,deeplift,12
0.0007,<class 'torch.optim.adam.Adam'>,CrossEntropyLoss(),1,False,16,138.26814693761875,314.2340018247374,253.03992721697023,80.91666666666667,85.03,integrated_gradients,12
0.0007,<class 'torch.optim.adam.Adam'>,CrossEntropyLoss(),1,False,16,181.44571,231.85817,142.85501,81.13,84.18,deeplift,13
0.0007,<class 'torch.optim.adam.Adam'>,CrossEntropyLoss(),1,False,16,278.2994152498624,329.6962174730069,222.83062720881364,81.13,84.18,integrated_gradients,13
0.0007,<class 'torch.optim.adam.Adam'>,CrossEntropyLoss(),1,False,16,155.84914,214.52472,109.100296,81.22333333333333,83.92,deeplift,14
0.0007,<class 'torch.optim.adam.Adam'>,CrossEntropyLoss(),1,False,16,260.11110686106105,325.86679511857244,168.40254894237182,81.22333333333333,83.92,integrated_gradients,14
0.0003,<class 'torch.optim.adam.Adam'>,CrossEntropyLoss(),1,True,64,167.54704,145.8775,100.81916,80.33833333333334,81.67,deeplift,0
0.0003,<class 'torch.optim.adam.Adam'>,CrossEntropyLoss(),1,True,64,155.70858518401315,133.08995925881007,89.08912643452734,80.33833333333334,81.67,integrated_gradients,0
0.0003,<class 'torch.optim.adam.Adam'>,CrossEntropyLoss(),1,True,64,108.657715,162.53548,218.93823,80.70166666666667,82.45,deeplift,1
0.0003,<class 'torch.optim.adam.Adam'>,CrossEntropyLoss(),1,True,64,141.94807493798905,211.1561915962114,273.7046235638209,80.70166666666667,82.45,integrated_gradients,1
0.0003,<class 'torch.optim.adam.Adam'>,CrossEntropyLoss(),1,True,64,88.49175,179.892,171.9539,81.18333333333334,83.12,deeplift,2
0.0003,<class 'torch.optim.adam.Adam'>,CrossEntropyLoss(),1,True,64,99.33542476748835,204.31958556456308,196.4147131490331,81.18333333333334,83.12,integrated_gradients,2
0.0003,<class 'torch.optim.adam.Adam'>,CrossEntropyLoss(),1,True,64,125.32796,213.55699,168.0377,81.11833333333334,84.23,deeplift,3
0.0003,<class 'torch.optim.adam.Adam'>,CrossEntropyLoss(),1,True,64,140.00183558416074,239.6676179854657,186.77210428735296,81.11833333333334,84.23,integrated_gradients,3
0.0003,<class 'torch.optim.adam.Adam'>,CrossEntropyLoss(),1,True,64,139.31023,153.83936,101.85187,79.96333333333334,84.11,deeplift,4
0.0003,<class 'torch.optim.adam.Adam'>,CrossEntropyLoss(),1,True,64,143.2931054045069,160.21764425268978,106.70976562342875,79.96333333333334,84.11,integrated_gradients,4
0.0003,<class 'torch.optim.adam.Adam'>,CrossEntropyLoss(),1,True,64,163.84459,163.23604,182.83601,80.14333333333333,83.2,deeplift,5
0.0003,<class 'torch.optim.adam.Adam'>,CrossEntropyLoss(),1,True,64,174.1355770028841,175.22575926965573,195.6199447869659,80.14333333333333,83.2,integrated_gradients,5
0.0003,<class 'torch.optim.adam.Adam'>,CrossEntropyLoss(),1,True,64,112.92784,144.83405,144.66797,80.47833333333334,81.15,deeplift,6
0.0003,<class 'torch.optim.adam.Adam'>,CrossEntropyLoss(),1,True,64,138.11899599765607,192.73603074026522,190.3854172327391,80.47833333333334,81.15,integrated_gradients,6
0.0003,<class 'torch.optim.adam.Adam'>,CrossEntropyLoss(),1,True,64,177.82571,135.68555,111.65984,79.72,83.21,deeplift,7
0.0003,<class 'torch.optim.adam.Adam'>,CrossEntropyLoss(),1,True,64,187.5413085603843,142.9304729504873,117.7336740938722,79.72,83.21,integrated_gradients,7
0.0003,<class 'torch.optim.adam.Adam'>,CrossEntropyLoss(),1,True,64,146.5445,189.78238,92.01961,80.53833333333333,84.4,deeplift,8
0.0003,<class 'torch.optim.adam.Adam'>,CrossEntropyLoss(),1,True,64,165.3239434743626,216.42367600271845,104.2408769449949,80.53833333333333,84.4,integrated_gradients,8
0.0003,<class 'torch.optim.adam.Adam'>,CrossEntropyLoss(),1,True,64,224.90552,142.01208,123.26646,80.46166666666667,84.02,deeplift,9
0.0003,<class 'torch.optim.adam.Adam'>,CrossEntropyLoss(),1,True,64,242.69728278871148,152.5673529035643,128.99342547620122,80.46166666666667,84.02,integrated_gradients,9
0.0003,<class 'torch.optim.adam.Adam'>,CrossEntropyLoss(),1,True,64,103.80879,198.82202,145.36255,80.47,84.32,deeplift,10
0.0003,<class 'torch.optim.adam.Adam'>,CrossEntropyLoss(),1,True,64,111.04054981357903,227.16334684250225,171.5727567735825,80.47,84.32,integrated_gradients,10
0.0003,<class 'torch.optim.adam.Adam'>,CrossEntropyLoss(),1,True,64,123.970085,166.47485,106.35835,80.555,82.75,deeplift,11
0.0003,<class 'torch.optim.adam.Adam'>,CrossEntropyLoss(),1,True,64,138.32648690174088,189.90692756696993,120.67476333299538,80.555,82.75,integrated_gradients,11
0.0003,<class 'torch.optim.adam.Adam'>,CrossEntropyLoss(),1,True,64,132.06743,179.24913,143.98604,79.75,84.23,deeplift,12
0.0003,<class 'torch.optim.adam.Adam'>,CrossEntropyLoss(),1,True,64,137.73007601370756,192.45670122618785,153.64376538458774,79.75,84.23,integrated_gradients,12
0.0003,<class 'torch.optim.adam.Adam'>,CrossEntropyLoss(),1,True,64,122.21689,181.7791,147.93318,80.265,83.44,deeplift,13
0.0003,<class 'torch.optim.adam.Adam'>,CrossEntropyLoss(),1,True,64,126.76674215456784,191.18571764059632,150.7081163045705,80.265,83.44,integrated_gradients,13
0.0003,<class 'torch.optim.adam.Adam'>,CrossEntropyLoss(),1,True,64,135.63776,214.71088,136.76593,80.59666666666666,83.16,deeplift,14
0.0003,<class 'torch.optim.adam.Adam'>,CrossEntropyLoss(),1,True,64,141.16241164516637,219.04009529764633,135.66350072857858,80.59666666666666,83.16,integrated_gradients,14
0.0003,<class 'torch.optim.adam.Adam'>,CrossEntropyLoss(),1,True,32,183.33543,160.92911,104.11903,81.0,80.65,deeplift,0
0.0003,<class 'torch.optim.adam.Adam'>,CrossEntropyLoss(),1,True,32,170.92173957737208,149.57554292676812,90.2025453539503,81.0,80.65,integrated_gradients,0
0.0003,<class 'torch.optim.adam.Adam'>,CrossEntropyLoss(),1,True,32,104.48693,163.44727,210.09148,81.615,83.81,deeplift,1
0.0003,<class 'torch.optim.adam.Adam'>,CrossEntropyLoss(),1,True,32,139.0000709462151,209.65202351181654,257.4329247720457,81.615,83.81,integrated_gradients,1
0.0003,<class 'torch.optim.adam.Adam'>,CrossEntropyLoss(),1,True,32,88.5178,185.5794,183.37257,81.13166666666666,84.05,deeplift,2
0.0003,<class 'torch.optim.adam.Adam'>,CrossEntropyLoss(),1,True,32,109.33697938994133,229.40570265731304,227.40244161749064,81.13166666666666,84.05,integrated_gradients,2
0.0003,<class 'torch.optim.adam.Adam'>,CrossEntropyLoss(),1,True,32,118.27388,204.1117,159.22272,81.31833333333333,83.29,deeplift,3
0.0003,<class 'torch.optim.adam.Adam'>,CrossEntropyLoss(),1,True,32,150.36576951461797,257.8257335145846,198.4560664259672,81.31833333333333,83.29,integrated_gradients,3
0.0003,<class 'torch.optim.adam.Adam'>,CrossEntropyLoss(),1,True,32,145.5569,157.25868,100.081085,80.98333333333333,85.02,deeplift,4
0.0003,<class 'torch.optim.adam.Adam'>,CrossEntropyLoss(),1,True,32,156.95566642924342,169.63688561621166,115.39843552803495,80.98333333333333,85.02,integrated_gradients,4
0.0003,<class 'torch.optim.adam.Adam'>,CrossEntropyLoss(),1,True,32,138.2416,143.68332,154.62265,80.8,82.86,deeplift,5
0.0003,<class 'torch.optim.adam.Adam'>,CrossEntropyLoss(),1,True,32,143.64685400134437,153.0516212725581,168.06528494865302,80.8,82.86,integrated_gradients,5
0.0003,<class 'torch.optim.adam.Adam'>,CrossEntropyLoss(),1,True,32,136.73337,162.22139,180.33202,81.06333333333333,79.87,deeplift,6
0.0003,<class 'torch.optim.adam.Adam'>,CrossEntropyLoss(),1,True,32,160.81551542314682,208.0134620978102,222.2933438934064,81.06333333333333,79.87,integrated_gradients,6
0.0003,<class 'torch.optim.adam.Adam'>,CrossEntropyLoss(),1,True,32,227.41417,163.57092,140.66391,81.03,84.12,deeplift,7
0.0003,<class 'torch.optim.adam.Adam'>,CrossEntropyLoss(),1,True,32,262.9599644899924,197.72012660350842,159.91101701062428,81.03,84.12,integrated_gradients,7
0.0003,<class 'torch.optim.adam.Adam'>,CrossEntropyLoss(),1,True,32,165.18587,234.72148,126.50686,81.26666666666667,85.32,deeplift,8
0.0003,<class 'torch.optim.adam.Adam'>,CrossEntropyLoss(),1,True,32,207.27565427120314,291.30639003759734,159.92074256868057,81.26666666666667,85.32,integrated_gradients,8
0.0003,<class 'torch.optim.adam.Adam'>,CrossEntropyLoss(),1,True,32,249.44746,146.17993,123.17124,80.98,84.18,deeplift,9
0.0003,<class 'torch.optim.adam.Adam'>,CrossEntropyLoss(),1,True,32,293.2221092426039,180.78797718764935,148.48437953464978,80.98,84.18,integrated_gradients,9
0.0003,<class 'torch.optim.adam.Adam'>,CrossEntropyLoss(),1,True,32,101.19324,201.20927,144.52325,81.425,84.74,deeplift,10
0.0003,<class 'torch.optim.adam.Adam'>,CrossEntropyLoss(),1,True,32,120.37016688902371,250.15031792477157,190.25467997373335,81.425,84.74,integrated_gradients,10
0.0003,<class 'torch.optim.adam.Adam'>,CrossEntropyLoss(),1,True,32,148.33475,189.74162,130.05261,80.98,82.82,deeplift,11
0.0003,<class 'torch.optim.adam.Adam'>,CrossEntropyLoss(),1,True,32,183.40572378580947,236.84392615618873,165.85246250810258,80.98,82.82,integrated_gradients,11
0.0003,<class 'torch.optim.adam.Adam'>,CrossEntropyLoss(),1,True,32,125.72779,195.58034,156.32913,80.86833333333334,84.95,deeplift,12
0.0003,<class 'torch.optim.adam.Adam'>,CrossEntropyLoss(),1,True,32,146.14336798635702,231.6339260616292,184.2562414406421,80.86833333333334,84.95,integrated_gradients,12
0.0003,<class 'torch.optim.adam.Adam'>,CrossEntropyLoss(),1,True,32,145.61182,207.70096,149.4602,80.83833333333334,83.79,deeplift,13
0.0003,<class 'torch.optim.adam.Adam'>,CrossEntropyLoss(),1,True,32,191.38696597347248,259.06382923999985,190.3597753901721,80.83833333333334,83.79,integrated_gradients,13
0.0003,<class 'torch.optim.adam.Adam'>,CrossEntropyLoss(),1,True,32,165.83911,223.40292,133.36641,80.44833333333334,82.66,deeplift,14
0.0003,<class 'torch.optim.adam.Adam'>,CrossEntropyLoss(),1,True,32,163.56307885526303,222.19789532018368,125.75377253533046,80.44833333333334,82.66,integrated_gradients,14
0.0003,<class 'torch.optim.adam.Adam'>,CrossEntropyLoss(),1,True,16,184.80151,134.76479,108.2716,81.37833333333333,81.38,deeplift,0
0.0003,<class 'torch.optim.adam.Adam'>,CrossEntropyLoss(),1,True,16,218.21477126353412,151.53277966835947,120.49810855185682,81.37833333333333,81.38,integrated_gradients,0
0.0003,<class 'torch.optim.adam.Adam'>,CrossEntropyLoss(),1,True,16,102.93521,154.79692,203.56837,81.665,83.55,deeplift,1
0.0003,<class 'torch.optim.adam.Adam'>,CrossEntropyLoss(),1,True,16,159.923255842258,229.9080168147063,282.4911013171292,81.665,83.55,integrated_gradients,1
0.0003,<class 'torch.optim.adam.Adam'>,CrossEntropyLoss(),1,True,16,96.37768,212.04959,217.815,81.57833333333333,84.96,deeplift,2
0.0003,<class 'torch.optim.adam.Adam'>,CrossEntropyLoss(),1,True,16,125.90184415411022,265.97878614964196,266.98693427465685,81.57833333333333,84.96,integrated_gradients,2
0.0003,<class 'torch.optim.adam.Adam'>,CrossEntropyLoss(),1,True,16,126.5688,218.2544,164.43744,81.74666666666667,82.86,deeplift,3
0.0003,<class 'torch.optim.adam.Adam'>,CrossEntropyLoss(),1,True,16,155.5698869230565,269.05467046597005,203.2358094686186,81.74666666666667,82.86,integrated_gradients,3
0.0003,<class 'torch.optim.adam.Adam'>,CrossEntropyLoss(),1,True,16,159.93877,167.2653,127.00685,81.13166666666666,83.93,deeplift,4
0.0003,<class 'torch.optim.adam.Adam'>,CrossEntropyLoss(),1,True,16,203.7487137509409,204.2913544935853,171.65735265382565,81.13166666666666,83.93,integrated_gradients,4
0.0003,<class 'torch.optim.adam.Adam'>,CrossEntropyLoss(),1,True,16,148.45155,148.36478,165.699,81.21166666666667,82.09,deeplift,5
0.0003,<class 'torch.optim.adam.Adam'>,CrossEntropyLoss(),1,True,16,163.9483696268651,169.79848253645935,190.86031285335065,81.21166666666667,82.09,integrated_gradients,5
0.0003,<class 'torch.optim.adam.Adam'>,CrossEntropyLoss(),1,True,16,129.82855,204.19844,213.47719,81.17333333333333,83.35,deeplift,6
0.0003,<class 'torch.optim.adam.Adam'>,CrossEntropyLoss(),1,True,16,192.4319798773823,270.10080726163517,284.22986176801817,81.17333333333333,83.35,integrated_gradients,6
0.0003,<class 'torch.optim.adam.Adam'>,CrossEntropyLoss(),1,True,16,206.76134,147.72174,129.02467,81.14333333333333,83.82,deeplift,7
0.0003,<class 'torch.optim.adam.Adam'>,CrossEntropyLoss(),1,True,16,234.87383996507913,175.47644560607011,150.6286594767393,81.14333333333333,83.82,integrated_gradients,7
0.0003,<class 'torch.optim.adam.Adam'>,CrossEntropyLoss(),1,True,16,163.37622,235.16571,122.69436,81.835,84.8,deeplift,8
0.0003,<class 'torch.optim.adam.Adam'>,CrossEntropyLoss(),1,True,16,201.57502429480945,281.76904083911484,151.43875968725283,81.835,84.8,integrated_gradients,8
0.0003,<class 'torch.optim.adam.Adam'>,CrossEntropyLoss(),1,True,16,225.15916,133.79482,113.18502,81.42833333333333,84.52,deeplift,9
0.0003,<class 'torch.optim.adam.Adam'>,CrossEntropyLoss(),1,True,16,301.66070731666395,199.69340072842655,164.68221830688412,81.42833333333333,84.52,integrated_gradients,9
0.0003,<class 'torch.optim.adam.Adam'>,CrossEntropyLoss(),1,True,16,116.869896,212.15062,147.86627,81.555,83.99,deeplift,10
0.0003,<class 'torch.optim.adam.Adam'>,CrossEntropyLoss(),1,True,16,138.81585777659294,267.1944911676409,195.22337799207838,81.555,83.99,integrated_gradients,10
0.0003,<class 'torch.optim.adam.Adam'>,CrossEntropyLoss(),1,True,16,160.51906,176.78433,136.01405,81.56166666666667,85.01,deeplift,11
0.0003,<class 'torch.optim.adam.Adam'>,CrossEntropyLoss(),1,True,16,205.56287939383895,235.75601365424097,183.2934822814451,81.56166666666667,85.01,integrated_gradients,11
0.0003,<class 'torch.optim.adam.Adam'>,CrossEntropyLoss(),1,True,16,111.63167,223.13086,170.41092,81.15333333333334,85.11,deeplift,12
0.0003,<class 'torch.optim.adam.Adam'>,CrossEntropyLoss(),1,True,16,142.7318218094213,273.7587242802997,210.59067482388852,81.15333333333334,85.11,integrated_gradients,12
0.0003,<class 'torch.optim.adam.Adam'>,CrossEntropyLoss(),1,True,16,151.63374,226.66606,143.9791,80.98166666666667,82.41,deeplift,13
0.0003,<class 'torch.optim.adam.Adam'>,CrossEntropyLoss(),1,True,16,169.8311417357757,257.84290269602997,160.04025700383696,80.98166666666667,82.41,integrated_gradients,13
0.0003,<class 'torch.optim.adam.Adam'>,CrossEntropyLoss(),1,True,16,159.77588,212.17543,120.90438,80.79333333333334,83.41,deeplift,14
0.0003,<class 'torch.optim.adam.Adam'>,CrossEntropyLoss(),1,True,16,182.2662173704529,238.46909942085344,129.79053206582373,80.79333333333334,83.41,integrated_gradients,14
0.0003,<class 'torch.optim.adam.Adam'>,CrossEntropyLoss(),1,False,64,197.0682,154.73715,116.29473,80.195,82.19,deeplift,0
0.0003,<class 'torch.optim.adam.Adam'>,CrossEntropyLoss(),1,False,64,206.89708996449357,159.6496959127168,119.54265670506675,80.195,82.19,integrated_gradients,0
0.0003,<class 'torch.optim.adam.Adam'>,CrossEntropyLoss(),1,False,64,101.897705,163.34148,220.7577,81.205,81.3,deeplift,1
0.0003,<class 'torch.optim.adam.Adam'>,CrossEntropyLoss(),1,False,64,118.00631391967731,192.73553243634709,255.76404549456248,81.205,81.3,integrated_gradients,1
0.0003,<class 'torch.optim.adam.Adam'>,CrossEntropyLoss(),1,False,64,101.85011,195.23796,186.00386,81.02333333333333,81.08,deeplift,2
0.0003,<class 'torch.optim.adam.Adam'>,CrossEntropyLoss(),1,False,64,104.9282517918837,210.53007466385634,199.0055215989905,81.02333333333333,81.08,integrated_gradients,2
0.0003,<class 'torch.optim.adam.Adam'>,CrossEntropyLoss(),1,False,64,124.20374,211.84721,171.99759,81.05166666666666,81.14,deeplift,3
0.0003,<class 'torch.optim.adam.Adam'>,CrossEntropyLoss(),1,False,64,141.77226888011137,244.61580089880792,194.63847960410496,81.05166666666666,81.14,integrated_gradients,3
0.0003,<class 'torch.optim.adam.Adam'>,CrossEntropyLoss(),1,False,64,175.40515,197.79675,119.004486,80.23166666666667,83.35,deeplift,4
0.0003,<class 'torch.optim.adam.Adam'>,CrossEntropyLoss(),1,False,64,187.0151042516928,212.24434922065285,132.11080497787765,80.23166666666667,83.35,integrated_gradients,4
0.0003,<class 'torch.optim.adam.Adam'>,CrossEntropyLoss(),1,False,64,165.92467,165.04056,168.63713,80.33833333333334,81.02,deeplift,5
0.0003,<class 'torch.optim.adam.Adam'>,CrossEntropyLoss(),1,False,64,166.671910228033,166.80514941015312,171.24577970847332,80.33833333333334,81.02,integrated_gradients,5
0.0003,<class 'torch.optim.adam.Adam'>,CrossEntropyLoss(),1,False,64,121.67864,163.35718,169.24547,80.5,80.58,deeplift,6
0.0003,<class 'torch.optim.adam.Adam'>,CrossEntropyLoss(),1,False,64,125.3707247301805,175.12239066373434,181.4710236676029,80.5,80.58,integrated_gradients,6
0.0003,<class 'torch.optim.adam.Adam'>,CrossEntropyLoss(),1,False,64,186.49883,141.5439,117.67192,80.635,81.6,deeplift,7
0.0003,<class 'torch.optim.adam.Adam'>,CrossEntropyLoss(),1,False,64,186.29776230746975,139.0234608013519,116.68840338873905,80.635,81.6,integrated_gradients,7
0.0003,<class 'torch.optim.adam.Adam'>,CrossEntropyLoss(),1,False,64,152.71838,199.01599,98.76072,80.97333333333333,80.4,deeplift,8
0.0003,<class 'torch.optim.adam.Adam'>,CrossEntropyLoss(),1,False,64,178.01341263198375,236.73439951450655,122.39995984573461,80.97333333333333,80.4,integrated_gradients,8
0.0003,<class 'torch.optim.adam.Adam'>,CrossEntropyLoss(),1,False,64,202.55261,133.08217,111.756386,80.89,80.76,deeplift,9
0.0003,<class 'torch.optim.adam.Adam'>,CrossEntropyLoss(),1,False,64,224.28881477612256,155.47765520976333,124.74538019286196,80.89,80.76,integrated_gradients,9
0.0003,<class 'torch.optim.adam.Adam'>,CrossEntropyLoss(),1,False,64,110.64051,208.10683,155.30508,80.43166666666667,81.58,deeplift,10
0.0003,<class 'torch.optim.adam.Adam'>,CrossEntropyLoss(),1,False,64,102.38366865335581,205.46893674898288,155.77651346586404,80.43166666666667,81.58,integrated_gradients,10
0.0003,<class 'torch.optim.adam.Adam'>,CrossEntropyLoss(),1,False,64,146.38327,194.33923,125.52796,80.39333333333333,81.0,deeplift,11
0.0003,<class 'torch.optim.adam.Adam'>,CrossEntropyLoss(),1,False,64,151.20125599435133,206.09074420416323,130.1407577845761,80.39333333333333,81.0,integrated_gradients,11
0.0003,<class 'torch.optim.adam.Adam'>,CrossEntropyLoss(),1,False,64,125.12872,156.01857,128.586,79.78,81.34,deeplift,12
0.0003,<class 'torch.optim.adam.Adam'>,CrossEntropyLoss(),1,False,64,132.72869329362948,175.77667888480556,140.62392916338624,79.78,81.34,integrated_gradients,12
0.0003,<class 'torch.optim.adam.Adam'>,CrossEntropyLoss(),1,False,64,125.768524,181.17325,146.55507,80.47333333333333,79.95,deeplift,13
0.0003,<class 'torch.optim.adam.Adam'>,CrossEntropyLoss(),1,False,64,154.59904910378643,216.51992664602315,171.145099393745,80.47333333333333,79.95,integrated_gradients,13
0.0003,<class 'torch.optim.adam.Adam'>,CrossEntropyLoss(),1,False,64,139.37338,207.11221,127.650635,80.47666666666667,79.33,deeplift,14
0.0003,<class 'torch.optim.adam.Adam'>,CrossEntropyLoss(),1,False,64,147.36949950005467,215.2159620944642,131.10103064012685,80.47666666666667,79.33,integrated_gradients,14
0.0003,<class 'torch.optim.adam.Adam'>,CrossEntropyLoss(),1,False,32,176.32762,133.93683,103.60562,80.66666666666667,84.71,deeplift,0
0.0003,<class 'torch.optim.adam.Adam'>,CrossEntropyLoss(),1,False,32,205.93604761234693,151.18471255004766,120.01725369545872,80.66666666666667,84.71,integrated_gradients,0
0.0003,<class 'torch.optim.adam.Adam'>,CrossEntropyLoss(),1,False,32,85.69751,138.44682,189.1262,81.42333333333333,84.21,deeplift,1
0.0003,<class 'torch.optim.adam.Adam'>,CrossEntropyLoss(),1,False,32,114.72038179074943,185.1970702292425,240.13886719000664,81.42333333333333,84.21,integrated_gradients,1
0.0003,<class 'torch.optim.adam.Adam'>,CrossEntropyLoss(),1,False,32,99.759285,196.39775,185.6916,81.31166666666667,84.34,deeplift,2
0.0003,<class 'torch.optim.adam.Adam'>,CrossEntropyLoss(),1,False,32,111.84283940198608,227.14993124010616,215.9626913272038,81.31166666666667,84.34,integrated_gradients,2
0.0003,<class 'torch.optim.adam.Adam'>,CrossEntropyLoss(),1,False,32,125.06737,217.51385,173.84254,81.26333333333334,84.79,deeplift,3
0.0003,<class 'torch.optim.adam.Adam'>,CrossEntropyLoss(),1,False,32,152.02755564521092,262.3584079831966,208.2593711867926,81.26333333333334,84.79,integrated_gradients,3
0.0003,<class 'torch.optim.adam.Adam'>,CrossEntropyLoss(),1,False,32,164.0407,181.29984,110.81355,80.65666666666667,84.33,deeplift,4
0.0003,<class 'torch.optim.adam.Adam'>,CrossEntropyLoss(),1,False,32,195.9233947293421,213.85750070998984,144.5650051733088,80.65666666666667,84.33,integrated_gradients,4
0.0003,<class 'torch.optim.adam.Adam'>,CrossEntropyLoss(),1,False,32,168.95058,167.22813,180.67245,80.89166666666667,84.38,deeplift,5
0.0003,<class 'torch.optim.adam.Adam'>,CrossEntropyLoss(),1,False,32,175.59877485213642,178.09573927650476,192.89571593790723,80.89166666666667,84.38,integrated_gradients,5
0.0003,<class 'torch.optim.adam.Adam'>,CrossEntropyLoss(),1,False,32,145.77968,198.00423,208.50964,80.98333333333333,83.98,deeplift,6
0.0003,<class 'torch.optim.adam.Adam'>,CrossEntropyLoss(),1,False,32,180.03748414558635,246.03120166181344,258.94562611675406,80.98333333333333,83.98,integrated_gradients,6
0.0003,<class 'torch.optim.adam.Adam'>,CrossEntropyLoss(),1,False,32,185.50786,138.37363,116.453384,80.78333333333333,84.63,deeplift,7
0.0003,<class 'torch.optim.adam.Adam'>,CrossEntropyLoss(),1,False,32,194.79247705800256,146.5198580174413,117.72898913184908,80.78333333333333,84.63,integrated_gradients,7
0.0003,<class 'torch.optim.adam.Adam'>,CrossEntropyLoss(),1,False,32,149.65944,196.24142,95.53745,81.45666666666666,84.58,deeplift,8
0.0003,<class 'torch.optim.adam.Adam'>,CrossEntropyLoss(),1,False,32,187.29177904936,247.12037182324926,130.66892348358238,81.45666666666666,84.58,integrated_gradients,8
0.0003,<class 'torch.optim.adam.Adam'>,CrossEntropyLoss(),1,False,32,188.9389,121.23727,102.44947,80.99333333333334,83.99,deeplift,9
0.0003,<class 'torch.optim.adam.Adam'>,CrossEntropyLoss(),1,False,32,239.74464507888058,156.59520821680653,129.3013946234346,80.99333333333334,83.99,integrated_gradients,9
0.0003,<class 'torch.optim.adam.Adam'>,CrossEntropyLoss(),1,False,32,114.17387,227.07195,164.08115,81.15833333333333,84.94,deeplift,10
0.0003,<class 'torch.optim.adam.Adam'>,CrossEntropyLoss(),1,False,32,139.96628872270978,291.2562812115377,222.03765330571687,81.15833333333333,84.94,integrated_gradients,10
0.0003,<class 'torch.optim.adam.Adam'>,CrossEntropyLoss(),1,False,32,146.54604,182.38748,120.19391,80.705,84.17,deeplift,11
0.0003,<class 'torch.optim.adam.Adam'>,CrossEntropyLoss(),1,False,32,170.98691029726453,216.5920340798002,141.84993359055233,80.705,84.17,integrated_gradients,11
0.0003,<class 'torch.optim.adam.Adam'>,CrossEntropyLoss(),1,False,32,140.47887,199.09598,156.46674,80.39833333333333,83.82,deeplift,12
0.0003,<class 'torch.optim.adam.Adam'>,CrossEntropyLoss(),1,False,32,157.7520649973694,231.4506691448353,181.26167011799097,80.39833333333333,83.82,integrated_gradients,12
0.0003,<class 'torch.optim.adam.Adam'>,CrossEntropyLoss(),1,False,32,156.6091,204.02118,160.91054,81.03166666666667,83.95,deeplift,13
0.0003,<class 'torch.optim.adam.Adam'>,CrossEntropyLoss(),1,False,32,228.0753400595732,281.3143395086049,225.32364773877103,81.03166666666667,83.95,integrated_gradients,13
0.0003,<class 'torch.optim.adam.Adam'>,CrossEntropyLoss(),1,False,32,145.33144,234.48727,141.68387,80.82833333333333,84.45,deeplift,14
0.0003,<class 'torch.optim.adam.Adam'>,CrossEntropyLoss(),1,False,32,173.44604513528745,266.9283845632018,155.93241957423794,80.82833333333333,84.45,integrated_gradients,14
0.0003,<class 'torch.optim.adam.Adam'>,CrossEntropyLoss(),1,False,16,192.90118,155.21025,117.64867,81.12,84.18,deeplift,0
0.0003,<class 'torch.optim.adam.Adam'>,CrossEntropyLoss(),1,False,16,243.64523947279267,186.53203176340847,146.9672191705747,81.12,84.18,integrated_gradients,0
0.0003,<class 'torch.optim.adam.Adam'>,CrossEntropyLoss(),1,False,16,118.87204,184.87656,236.87206,81.75666666666666,84.5,deeplift,1
0.0003,<class 'torch.optim.adam.Adam'>,CrossEntropyLoss(),1,False,16,155.00175428122776,233.07981985619355,288.2737437273654,81.75666666666666,84.5,integrated_gradients,1
0.0003,<class 'torch.optim.adam.Adam'>,CrossEntropyLoss(),1,False,16,81.89404,179.75885,172.16537,81.66,84.06,deeplift,2
0.0003,<class 'torch.optim.adam.Adam'>,CrossEntropyLoss(),1,False,16,92.79301853608328,216.03403623365259,206.1052430385758,81.66,84.06,integrated_gradients,2
0.0003,<class 'torch.optim.adam.Adam'>,CrossEntropyLoss(),1,False,16,142.35294,241.56982,179.74483,81.72166666666666,83.7,deeplift,3
0.0003,<class 'torch.optim.adam.Adam'>,CrossEntropyLoss(),1,False,16,194.27261985979862,323.0593321647907,246.691416401503,81.72166666666666,83.7,integrated_gradients,3
0.0003,<class 'torch.optim.adam.Adam'>,CrossEntropyLoss(),1,False,16,177.34856,193.98407,123.879654,81.1,83.62,deeplift,4
0.0003,<class 'torch.optim.adam.Adam'>,CrossEntropyLoss(),1,False,16,210.11318955331257,224.86464379137593,158.1360935226691,81.1,83.62,integrated_gradients,4
0.0003,<class 'torch.optim.adam.Adam'>,CrossEntropyLoss(),1,False,16,137.85764,138.55428,174.76529,81.23333333333333,83.65,deeplift,5
0.0003,<class 'torch.optim.adam.Adam'>,CrossEntropyLoss(),1,False,16,178.0667435747186,185.3364494073158,225.96697635041903,81.23333333333333,83.65,integrated_gradients,5
0.0003,<class 'torch.optim.adam.Adam'>,CrossEntropyLoss(),1,False,16,122.27179,168.1554,177.78886,81.34,84.06,deeplift,6
0.0003,<class 'torch.optim.adam.Adam'>,CrossEntropyLoss(),1,False,16,168.66130691153674,218.968679761716,234.85530379353867,81.34,84.06,integrated_gradients,6
0.0003,<class 'torch.optim.adam.Adam'>,CrossEntropyLoss(),1,False,16,171.46889,124.63319,110.444984,81.17333333333333,84.25,deeplift,7
0.0003,<class 'torch.optim.adam.Adam'>,CrossEntropyLoss(),1,False,16,218.35299726073092,165.76331438102412,141.39099497686556,81.17333333333333,84.25,integrated_gradients,7
0.0003,<class 'torch.optim.adam.Adam'>,CrossEntropyLoss(),1,False,16,171.12215,245.28375,123.1464,81.72833333333334,84.54,deeplift,8
0.0003,<class 'torch.optim.adam.Adam'>,CrossEntropyLoss(),1,False,16,226.05031640830055,308.709264617897,170.88294985919862,81.72833333333334,84.54,integrated_gradients,8
0.0003,<class 'torch.optim.adam.Adam'>,CrossEntropyLoss(),1,False,16,229.60301,140.19487,113.544266,81.29,83.84,deeplift,9
0.0003,<class 'torch.optim.adam.Adam'>,CrossEntropyLoss(),1,False,16,296.8137741562737,183.8497801578405,145.59041761639136,81.29,83.84,integrated_gradients,9
0.0003,<class 'torch.optim.adam.Adam'>,CrossEntropyLoss(),1,False,16,118.979294,221.78027,155.23051,81.79833333333333,84.81,deeplift,10
0.0003,<class 'torch.optim.adam.Adam'>,CrossEntropyLoss(),1,False,16,150.16030008451463,277.51051919922895,206.2726390319826,81.79833333333333,84.81,integrated_gradients,10
0.0003,<class 'torch.optim.adam.Adam'>,CrossEntropyLoss(),1,False,16,156.33188,175.03807,118.31685,81.34833333333333,84.08,deeplift,11
0.0003,<class 'torch.optim.adam.Adam'>,CrossEntropyLoss(),1,False,16,188.13444021040073,219.20066821724225,149.44748441392514,81.34833333333333,84.08,integrated_gradients,11
0.0003,<class 'torch.optim.adam.Adam'>,CrossEntropyLoss(),1,False,16,133.66006,215.91528,172.9362,80.94,83.79,deeplift,12
0.0003,<class 'torch.optim.adam.Adam'>,CrossEntropyLoss(),1,False,16,155.07913240790384,260.1831403069155,209.0548062955013,80.94,83.79,integrated_gradients,12
0.0003,<class 'torch.optim.adam.Adam'>,CrossEntropyLoss(),1,False,16,157.19571,195.59091,151.39685,81.29,84.51,deeplift,13
0.0003,<class 'torch.optim.adam.Adam'>,CrossEntropyLoss(),1,False,16,230.82902536310456,279.2324606418291,220.2893529276427,81.29,84.51,integrated_gradients,13
0.0003,<class 'torch.optim.adam.Adam'>,CrossEntropyLoss(),1,False,16,138.88062,214.62897,127.19699,81.19666666666667,83.72,deeplift,14
0.0003,<class 'torch.optim.adam.Adam'>,CrossEntropyLoss(),1,False,16,193.73673571921728,277.3155887078997,156.65651866232147,81.19666666666667,83.72,integrated_gradients,14
