initial_lr,optimizer,criterion,train_data_used,train_set_shuffle,train_batch_size,conv1x1_3x3.0,conv1x1_3x3.1,train accuracy epoch0,test accuracy epoch0,method,run
0.001,<class 'torch.optim.adam.Adam'>,CrossEntropyLoss(),1,True,64,285.70093,285.70093,92.57666666666667,95.93,deeplift,0
0.001,<class 'torch.optim.adam.Adam'>,CrossEntropyLoss(),1,True,64,857.0340103410758,857.0340092389647,92.57666666666667,95.93,integrated_gradients,0
0.001,<class 'torch.optim.adam.Adam'>,CrossEntropyLoss(),1,True,64,292.2001,292.20016,92.84333333333333,96.3,deeplift,1
0.001,<class 'torch.optim.adam.Adam'>,CrossEntropyLoss(),1,True,64,875.4536476521175,875.4536271831612,92.84333333333333,96.3,integrated_gradients,1
0.001,<class 'torch.optim.adam.Adam'>,CrossEntropyLoss(),1,True,64,363.74313,363.74323,92.15833333333333,95.97,deeplift,2
0.001,<class 'torch.optim.adam.Adam'>,CrossEntropyLoss(),1,True,64,1092.483618710605,1092.4836212260852,92.15833333333333,95.97,integrated_gradients,2
0.001,<class 'torch.optim.adam.Adam'>,CrossEntropyLoss(),1,True,64,286.83792,286.8379,92.01,96.43,deeplift,3
0.001,<class 'torch.optim.adam.Adam'>,CrossEntropyLoss(),1,True,64,861.1562120146323,861.1561929547247,92.01,96.43,integrated_gradients,3
0.001,<class 'torch.optim.adam.Adam'>,CrossEntropyLoss(),1,True,64,220.5479,220.54778,92.15833333333333,95.89,deeplift,4
0.001,<class 'torch.optim.adam.Adam'>,CrossEntropyLoss(),1,True,64,663.0653609272671,663.0653165080109,92.15833333333333,95.89,integrated_gradients,4
0.001,<class 'torch.optim.adam.Adam'>,CrossEntropyLoss(),1,True,64,271.49207,271.4922,92.19833333333334,95.47,deeplift,5
0.001,<class 'torch.optim.adam.Adam'>,CrossEntropyLoss(),1,True,64,815.4834421069431,815.4834321095619,92.19833333333334,95.47,integrated_gradients,5
0.001,<class 'torch.optim.adam.Adam'>,CrossEntropyLoss(),1,True,64,177.55482,177.55481,92.19166666666666,95.78,deeplift,6
0.001,<class 'torch.optim.adam.Adam'>,CrossEntropyLoss(),1,True,64,529.2812814866097,529.2812499799024,92.19166666666666,95.78,integrated_gradients,6
0.001,<class 'torch.optim.adam.Adam'>,CrossEntropyLoss(),1,True,64,297.34802,297.34796,92.38333333333334,96.12,deeplift,7
0.001,<class 'torch.optim.adam.Adam'>,CrossEntropyLoss(),1,True,64,892.0939015695295,892.0939577472684,92.38333333333334,96.12,integrated_gradients,7
0.001,<class 'torch.optim.adam.Adam'>,CrossEntropyLoss(),1,True,64,298.8247,298.8247,91.75666666666666,96.43,deeplift,8
0.001,<class 'torch.optim.adam.Adam'>,CrossEntropyLoss(),1,True,64,899.7303046255695,899.7302774502681,91.75666666666666,96.43,integrated_gradients,8
0.001,<class 'torch.optim.adam.Adam'>,CrossEntropyLoss(),1,True,64,308.00256,308.00266,92.22666666666667,96.53,deeplift,9
0.001,<class 'torch.optim.adam.Adam'>,CrossEntropyLoss(),1,True,64,923.7262278382789,923.7262612036038,92.22666666666667,96.53,integrated_gradients,9
0.001,<class 'torch.optim.adam.Adam'>,CrossEntropyLoss(),1,True,64,223.22768,223.2276,91.93833333333333,96.76,deeplift,10
0.001,<class 'torch.optim.adam.Adam'>,CrossEntropyLoss(),1,True,64,671.2131961736264,671.213220895797,91.93833333333333,96.76,integrated_gradients,10
0.001,<class 'torch.optim.adam.Adam'>,CrossEntropyLoss(),1,True,64,224.70418,224.70418,90.97333333333333,95.89,deeplift,11
0.001,<class 'torch.optim.adam.Adam'>,CrossEntropyLoss(),1,True,64,674.933331275686,674.9332959588929,90.97333333333333,95.89,integrated_gradients,11
0.001,<class 'torch.optim.adam.Adam'>,CrossEntropyLoss(),1,True,64,213.01436,213.0144,92.475,96.41,deeplift,12
0.001,<class 'torch.optim.adam.Adam'>,CrossEntropyLoss(),1,True,64,638.2168996747133,638.2169158827702,92.475,96.41,integrated_gradients,12
0.001,<class 'torch.optim.adam.Adam'>,CrossEntropyLoss(),1,True,64,204.0682,204.06819,92.63666666666667,96.63,deeplift,13
0.001,<class 'torch.optim.adam.Adam'>,CrossEntropyLoss(),1,True,64,611.4211732837875,611.4211809943728,92.63666666666667,96.63,integrated_gradients,13
0.001,<class 'torch.optim.adam.Adam'>,CrossEntropyLoss(),1,True,64,580.9279,580.9278,91.43833333333333,95.97,deeplift,14
0.001,<class 'torch.optim.adam.Adam'>,CrossEntropyLoss(),1,True,64,1743.3204726366498,1743.320483275455,91.43833333333333,95.97,integrated_gradients,14
0.001,<class 'torch.optim.adam.Adam'>,CrossEntropyLoss(),1,True,32,396.7471,396.74695,93.03666666666666,95.71,deeplift,0
0.001,<class 'torch.optim.adam.Adam'>,CrossEntropyLoss(),1,True,32,1189.3370064578335,1189.337027157587,93.03666666666666,95.71,integrated_gradients,0
0.001,<class 'torch.optim.adam.Adam'>,CrossEntropyLoss(),1,True,32,419.8485,419.8487,92.89666666666666,95.64,deeplift,1
0.001,<class 'torch.optim.adam.Adam'>,CrossEntropyLoss(),1,True,32,1256.4140360251931,1256.4140079946826,92.89666666666666,95.64,integrated_gradients,1
0.001,<class 'torch.optim.adam.Adam'>,CrossEntropyLoss(),1,True,32,796.1139,796.1141,92.645,95.48,deeplift,2
0.001,<class 'torch.optim.adam.Adam'>,CrossEntropyLoss(),1,True,32,2387.965646337819,2387.9657317032284,92.645,95.48,integrated_gradients,2
0.001,<class 'torch.optim.adam.Adam'>,CrossEntropyLoss(),1,True,32,583.02716,583.0273,92.87333333333333,94.78,deeplift,3
0.001,<class 'torch.optim.adam.Adam'>,CrossEntropyLoss(),1,True,32,1749.0844546729413,1749.0844465310627,92.87333333333333,94.78,integrated_gradients,3
0.001,<class 'torch.optim.adam.Adam'>,CrossEntropyLoss(),1,True,32,603.1825,603.18243,92.54666666666667,95.44,deeplift,4
0.001,<class 'torch.optim.adam.Adam'>,CrossEntropyLoss(),1,True,32,1810.5353462142036,1810.5353483177794,92.54666666666667,95.44,integrated_gradients,4
0.001,<class 'torch.optim.adam.Adam'>,CrossEntropyLoss(),1,True,32,500.0642,500.06406,92.64,95.92,deeplift,5
0.001,<class 'torch.optim.adam.Adam'>,CrossEntropyLoss(),1,True,32,1502.7497964074269,1502.7497439694394,92.64,95.92,integrated_gradients,5
0.001,<class 'torch.optim.adam.Adam'>,CrossEntropyLoss(),1,True,32,517.8025,517.8025,92.71,96.04,deeplift,6
0.001,<class 'torch.optim.adam.Adam'>,CrossEntropyLoss(),1,True,32,1550.3540359584495,1550.354025164311,92.71,96.04,integrated_gradients,6
0.001,<class 'torch.optim.adam.Adam'>,CrossEntropyLoss(),1,True,32,427.13272,427.13275,92.735,95.84,deeplift,7
0.001,<class 'torch.optim.adam.Adam'>,CrossEntropyLoss(),1,True,32,1282.5368833555713,1282.5368630171092,92.735,95.84,integrated_gradients,7
0.001,<class 'torch.optim.adam.Adam'>,CrossEntropyLoss(),1,True,32,560.8356,560.8357,92.14333333333333,95.81,deeplift,8
0.001,<class 'torch.optim.adam.Adam'>,CrossEntropyLoss(),1,True,32,1686.4530912094165,1686.4531283769338,92.14333333333333,95.81,integrated_gradients,8
0.001,<class 'torch.optim.adam.Adam'>,CrossEntropyLoss(),1,True,32,539.3935,539.39355,92.46333333333334,95.95,deeplift,9
0.001,<class 'torch.optim.adam.Adam'>,CrossEntropyLoss(),1,True,32,1614.8154558877898,1614.81546786658,92.46333333333334,95.95,integrated_gradients,9
0.001,<class 'torch.optim.adam.Adam'>,CrossEntropyLoss(),1,True,32,446.2542,446.2541,92.80833333333334,95.77,deeplift,10
0.001,<class 'torch.optim.adam.Adam'>,CrossEntropyLoss(),1,True,32,1338.5219381203938,1338.5219369020897,92.80833333333334,95.77,integrated_gradients,10
0.001,<class 'torch.optim.adam.Adam'>,CrossEntropyLoss(),1,True,32,621.44434,621.44434,92.21,95.48,deeplift,11
0.001,<class 'torch.optim.adam.Adam'>,CrossEntropyLoss(),1,True,32,1864.909701067313,1864.909637084928,92.21,95.48,integrated_gradients,11
0.001,<class 'torch.optim.adam.Adam'>,CrossEntropyLoss(),1,True,32,515.8141,515.814,92.65,96.27,deeplift,12
0.001,<class 'torch.optim.adam.Adam'>,CrossEntropyLoss(),1,True,32,1543.431765504373,1543.4316871127946,92.65,96.27,integrated_gradients,12
0.001,<class 'torch.optim.adam.Adam'>,CrossEntropyLoss(),1,True,32,508.74634,508.7464,93.12,96.01,deeplift,13
0.001,<class 'torch.optim.adam.Adam'>,CrossEntropyLoss(),1,True,32,1524.9974826634952,1524.9975543197095,93.12,96.01,integrated_gradients,13
0.001,<class 'torch.optim.adam.Adam'>,CrossEntropyLoss(),1,True,32,723.6451,723.64496,92.07166666666667,95.5,deeplift,14
0.001,<class 'torch.optim.adam.Adam'>,CrossEntropyLoss(),1,True,32,2168.35773441733,2168.357772820452,92.07166666666667,95.5,integrated_gradients,14
0.001,<class 'torch.optim.adam.Adam'>,CrossEntropyLoss(),1,True,16,848.15375,848.1536,92.59333333333333,95.51,deeplift,0
0.001,<class 'torch.optim.adam.Adam'>,CrossEntropyLoss(),1,True,16,2541.114583497821,2541.1146057967576,92.59333333333333,95.51,integrated_gradients,0
0.001,<class 'torch.optim.adam.Adam'>,CrossEntropyLoss(),1,True,16,766.2254,766.2256,92.73833333333333,96.05,deeplift,1
0.001,<class 'torch.optim.adam.Adam'>,CrossEntropyLoss(),1,True,16,2302.9609037336927,2302.9609289488108,92.73833333333333,96.05,integrated_gradients,1
0.001,<class 'torch.optim.adam.Adam'>,CrossEntropyLoss(),1,True,16,1162.7732,1162.7732,92.57333333333334,94.85,deeplift,2
0.001,<class 'torch.optim.adam.Adam'>,CrossEntropyLoss(),1,True,16,3489.4180642942124,3489.417999133081,92.57333333333334,94.85,integrated_gradients,2
0.001,<class 'torch.optim.adam.Adam'>,CrossEntropyLoss(),1,True,16,727.48157,727.48157,92.63333333333334,94.75,deeplift,3
0.001,<class 'torch.optim.adam.Adam'>,CrossEntropyLoss(),1,True,16,2181.3004239156426,2181.3003663100603,92.63333333333334,94.75,integrated_gradients,3
0.001,<class 'torch.optim.adam.Adam'>,CrossEntropyLoss(),1,True,16,500.68442,500.68427,92.67,95.14,deeplift,4
0.001,<class 'torch.optim.adam.Adam'>,CrossEntropyLoss(),1,True,16,1503.7867860355718,1503.786775222075,92.67,95.14,integrated_gradients,4
0.001,<class 'torch.optim.adam.Adam'>,CrossEntropyLoss(),1,True,16,1206.1354,1206.1355,92.32166666666667,95.51,deeplift,5
0.001,<class 'torch.optim.adam.Adam'>,CrossEntropyLoss(),1,True,16,3613.037122988967,3613.037106523791,92.32166666666667,95.51,integrated_gradients,5
0.001,<class 'torch.optim.adam.Adam'>,CrossEntropyLoss(),1,True,16,972.31903,972.319,92.41666666666667,96.07,deeplift,6
0.001,<class 'torch.optim.adam.Adam'>,CrossEntropyLoss(),1,True,16,2918.7511190983882,2918.7510817833945,92.41666666666667,96.07,integrated_gradients,6
0.001,<class 'torch.optim.adam.Adam'>,CrossEntropyLoss(),1,True,16,639.2156,639.21533,92.38666666666667,94.98,deeplift,7
0.001,<class 'torch.optim.adam.Adam'>,CrossEntropyLoss(),1,True,16,1915.3746388243835,1915.3746054215715,92.38666666666667,94.98,integrated_gradients,7
0.001,<class 'torch.optim.adam.Adam'>,CrossEntropyLoss(),1,True,16,941.2037,941.2038,92.36666666666666,95.75,deeplift,8
0.001,<class 'torch.optim.adam.Adam'>,CrossEntropyLoss(),1,True,16,2829.565484946649,2829.565492323853,92.36666666666666,95.75,integrated_gradients,8
0.001,<class 'torch.optim.adam.Adam'>,CrossEntropyLoss(),1,True,16,628.18274,628.18274,92.15333333333334,95.37,deeplift,9
0.001,<class 'torch.optim.adam.Adam'>,CrossEntropyLoss(),1,True,16,1883.0724803991645,1883.0724689329477,92.15333333333334,95.37,integrated_gradients,9
0.001,<class 'torch.optim.adam.Adam'>,CrossEntropyLoss(),1,True,16,957.4706,957.4706,92.21333333333334,94.93,deeplift,10
0.001,<class 'torch.optim.adam.Adam'>,CrossEntropyLoss(),1,True,16,2871.1335196226246,2871.1335893863375,92.21333333333334,94.93,integrated_gradients,10
0.001,<class 'torch.optim.adam.Adam'>,CrossEntropyLoss(),1,True,16,495.54758,495.54764,92.21833333333333,95.49,deeplift,11
0.001,<class 'torch.optim.adam.Adam'>,CrossEntropyLoss(),1,True,16,1483.3095233627125,1483.3094556336598,92.21833333333333,95.49,integrated_gradients,11
0.001,<class 'torch.optim.adam.Adam'>,CrossEntropyLoss(),1,True,16,767.8231,767.8232,92.64333333333333,95.14,deeplift,12
0.001,<class 'torch.optim.adam.Adam'>,CrossEntropyLoss(),1,True,16,2298.4593186650754,2298.4592690194813,92.64333333333333,95.14,integrated_gradients,12
0.001,<class 'torch.optim.adam.Adam'>,CrossEntropyLoss(),1,True,16,472.46246,472.46246,93.10666666666667,95.65,deeplift,13
0.001,<class 'torch.optim.adam.Adam'>,CrossEntropyLoss(),1,True,16,1417.0129393696843,1417.0129494253488,93.10666666666667,95.65,integrated_gradients,13
0.001,<class 'torch.optim.adam.Adam'>,CrossEntropyLoss(),1,True,16,1305.5968,1305.5968,92.21833333333333,95.15,deeplift,14
0.001,<class 'torch.optim.adam.Adam'>,CrossEntropyLoss(),1,True,16,3913.370479123622,3913.3704657404237,92.21833333333333,95.15,integrated_gradients,14
0.001,<class 'torch.optim.adam.Adam'>,CrossEntropyLoss(),1,False,64,360.07016,360.0702,92.42333333333333,95.47,deeplift,0
0.001,<class 'torch.optim.adam.Adam'>,CrossEntropyLoss(),1,False,64,1078.8487724833096,1078.8487903020837,92.42333333333333,95.47,integrated_gradients,0
0.001,<class 'torch.optim.adam.Adam'>,CrossEntropyLoss(),1,False,64,338.1622,338.16223,92.10166666666667,94.47,deeplift,1
0.001,<class 'torch.optim.adam.Adam'>,CrossEntropyLoss(),1,False,64,1013.3659779233503,1013.3659837244555,92.10166666666667,94.47,integrated_gradients,1
0.001,<class 'torch.optim.adam.Adam'>,CrossEntropyLoss(),1,False,64,339.44955,339.44952,91.96333333333334,94.96,deeplift,2
0.001,<class 'torch.optim.adam.Adam'>,CrossEntropyLoss(),1,False,64,1019.8793384660642,1019.8793738308533,91.96333333333334,94.96,integrated_gradients,2
0.001,<class 'torch.optim.adam.Adam'>,CrossEntropyLoss(),1,False,64,280.84607,280.84616,91.75166666666667,93.98,deeplift,3
0.001,<class 'torch.optim.adam.Adam'>,CrossEntropyLoss(),1,False,64,841.8941132051299,841.8941053176493,91.75166666666667,93.98,integrated_gradients,3
0.001,<class 'torch.optim.adam.Adam'>,CrossEntropyLoss(),1,False,64,261.38586,261.38586,91.44166666666666,93.73,deeplift,4
0.001,<class 'torch.optim.adam.Adam'>,CrossEntropyLoss(),1,False,64,783.4721358975986,783.4721793524021,91.44166666666666,93.73,integrated_gradients,4
0.001,<class 'torch.optim.adam.Adam'>,CrossEntropyLoss(),1,False,64,363.3039,363.30402,91.79833333333333,95.18,deeplift,5
0.001,<class 'torch.optim.adam.Adam'>,CrossEntropyLoss(),1,False,64,1092.8572549155658,1092.8572533327083,91.79833333333333,95.18,integrated_gradients,5
0.001,<class 'torch.optim.adam.Adam'>,CrossEntropyLoss(),1,False,64,240.84317,240.84314,91.72833333333334,94.81,deeplift,6
0.001,<class 'torch.optim.adam.Adam'>,CrossEntropyLoss(),1,False,64,723.2892520558011,723.289258580556,91.72833333333334,94.81,integrated_gradients,6
0.001,<class 'torch.optim.adam.Adam'>,CrossEntropyLoss(),1,False,64,278.34674,278.34674,91.385,95.22,deeplift,7
0.001,<class 'torch.optim.adam.Adam'>,CrossEntropyLoss(),1,False,64,837.0364778215941,837.0364785805291,91.385,95.22,integrated_gradients,7
0.001,<class 'torch.optim.adam.Adam'>,CrossEntropyLoss(),1,False,64,471.78885,471.78888,91.07166666666667,94.36,deeplift,8
0.001,<class 'torch.optim.adam.Adam'>,CrossEntropyLoss(),1,False,64,1416.8845666792747,1416.884587346247,91.07166666666667,94.36,integrated_gradients,8
0.001,<class 'torch.optim.adam.Adam'>,CrossEntropyLoss(),1,False,64,425.3829,425.38306,91.80333333333333,91.79,deeplift,9
0.001,<class 'torch.optim.adam.Adam'>,CrossEntropyLoss(),1,False,64,1276.789358647628,1276.789322850012,91.80333333333333,91.79,integrated_gradients,9
0.001,<class 'torch.optim.adam.Adam'>,CrossEntropyLoss(),1,False,64,445.28946,445.28943,91.85333333333334,94.29,deeplift,10
0.001,<class 'torch.optim.adam.Adam'>,CrossEntropyLoss(),1,False,64,1336.7239207888065,1336.7239567494564,91.85333333333334,94.29,integrated_gradients,10
0.001,<class 'torch.optim.adam.Adam'>,CrossEntropyLoss(),1,False,64,251.40314,251.40317,90.515,94.54,deeplift,11
0.001,<class 'torch.optim.adam.Adam'>,CrossEntropyLoss(),1,False,64,754.4013112881894,754.4012856679102,90.515,94.54,integrated_gradients,11
0.001,<class 'torch.optim.adam.Adam'>,CrossEntropyLoss(),1,False,64,245.65765,245.65765,92.20833333333333,95.17,deeplift,12
0.001,<class 'torch.optim.adam.Adam'>,CrossEntropyLoss(),1,False,64,736.3997132147681,736.3996987573297,92.20833333333333,95.17,integrated_gradients,12
0.001,<class 'torch.optim.adam.Adam'>,CrossEntropyLoss(),1,False,64,266.64035,266.6403,91.97833333333334,93.91,deeplift,13
0.001,<class 'torch.optim.adam.Adam'>,CrossEntropyLoss(),1,False,64,799.4151465712429,799.4151655398153,91.97833333333334,93.91,integrated_gradients,13
0.001,<class 'torch.optim.adam.Adam'>,CrossEntropyLoss(),1,False,64,451.0499,451.0499,90.67333333333333,94.84,deeplift,14
0.001,<class 'torch.optim.adam.Adam'>,CrossEntropyLoss(),1,False,64,1351.2910443115422,1351.2910588713853,90.67333333333333,94.84,integrated_gradients,14
0.001,<class 'torch.optim.adam.Adam'>,CrossEntropyLoss(),1,False,32,860.2086,860.20874,92.5,95.96,deeplift,0
0.001,<class 'torch.optim.adam.Adam'>,CrossEntropyLoss(),1,False,32,2578.005298383724,2578.0052247169115,92.5,95.96,integrated_gradients,0
0.001,<class 'torch.optim.adam.Adam'>,CrossEntropyLoss(),1,False,32,791.46967,791.46936,92.55666666666667,93.28,deeplift,1
0.001,<class 'torch.optim.adam.Adam'>,CrossEntropyLoss(),1,False,32,2377.2538412745484,2377.2538002942006,92.55666666666667,93.28,integrated_gradients,1
0.001,<class 'torch.optim.adam.Adam'>,CrossEntropyLoss(),1,False,32,364.46695,364.4669,92.425,93.69,deeplift,2
0.001,<class 'torch.optim.adam.Adam'>,CrossEntropyLoss(),1,False,32,1091.3547794139695,1091.3548037990345,92.425,93.69,integrated_gradients,2
0.001,<class 'torch.optim.adam.Adam'>,CrossEntropyLoss(),1,False,32,589.075,589.075,92.20666666666666,90.58,deeplift,3
0.001,<class 'torch.optim.adam.Adam'>,CrossEntropyLoss(),1,False,32,1764.4610175064397,1764.4610367361558,92.20666666666666,90.58,integrated_gradients,3
0.001,<class 'torch.optim.adam.Adam'>,CrossEntropyLoss(),1,False,32,420.03238,420.0324,92.58,95.06,deeplift,4
0.001,<class 'torch.optim.adam.Adam'>,CrossEntropyLoss(),1,False,32,1260.3713732370425,1260.369338697266,92.58,95.06,integrated_gradients,4
0.001,<class 'torch.optim.adam.Adam'>,CrossEntropyLoss(),1,False,32,1455.0974,1455.0974,92.29666666666667,95.4,deeplift,5
0.001,<class 'torch.optim.adam.Adam'>,CrossEntropyLoss(),1,False,32,4371.0813250813735,4371.081318724069,92.29666666666667,95.4,integrated_gradients,5
0.001,<class 'torch.optim.adam.Adam'>,CrossEntropyLoss(),1,False,32,725.10266,725.1027,92.54333333333334,94.42,deeplift,6
0.001,<class 'torch.optim.adam.Adam'>,CrossEntropyLoss(),1,False,32,2174.158171796514,2174.1581371827915,92.54333333333334,94.42,integrated_gradients,6
0.001,<class 'torch.optim.adam.Adam'>,CrossEntropyLoss(),1,False,32,403.3231,403.3231,92.03666666666666,94.6,deeplift,7
0.001,<class 'torch.optim.adam.Adam'>,CrossEntropyLoss(),1,False,32,1211.935427788843,1211.9354251955986,92.03666666666666,94.6,integrated_gradients,7
0.001,<class 'torch.optim.adam.Adam'>,CrossEntropyLoss(),1,False,32,1155.309,1155.3087,91.67333333333333,95.04,deeplift,8
0.001,<class 'torch.optim.adam.Adam'>,CrossEntropyLoss(),1,False,32,3467.753961112423,3467.7924619646647,91.67333333333333,95.04,integrated_gradients,8
0.001,<class 'torch.optim.adam.Adam'>,CrossEntropyLoss(),1,False,32,592.985,592.985,92.22,95.01,deeplift,9
0.001,<class 'torch.optim.adam.Adam'>,CrossEntropyLoss(),1,False,32,1779.6051531394744,1779.6051164176056,92.22,95.01,integrated_gradients,9
0.001,<class 'torch.optim.adam.Adam'>,CrossEntropyLoss(),1,False,32,735.58966,735.5896,92.20166666666667,93.53,deeplift,10
0.001,<class 'torch.optim.adam.Adam'>,CrossEntropyLoss(),1,False,32,2208.4471927934483,2208.447185145389,92.20166666666667,93.53,integrated_gradients,10
0.001,<class 'torch.optim.adam.Adam'>,CrossEntropyLoss(),1,False,32,468.0359,468.0359,92.415,94.9,deeplift,11
0.001,<class 'torch.optim.adam.Adam'>,CrossEntropyLoss(),1,False,32,1408.8038202062928,1408.803792645839,92.415,94.9,integrated_gradients,11
0.001,<class 'torch.optim.adam.Adam'>,CrossEntropyLoss(),1,False,32,355.21417,355.21423,92.67833333333333,93.49,deeplift,12
0.001,<class 'torch.optim.adam.Adam'>,CrossEntropyLoss(),1,False,32,1063.5881399174011,1063.5881431099508,92.67833333333333,93.49,integrated_gradients,12
0.001,<class 'torch.optim.adam.Adam'>,CrossEntropyLoss(),1,False,32,346.64633,346.6462,92.74833333333333,93.81,deeplift,13
0.001,<class 'torch.optim.adam.Adam'>,CrossEntropyLoss(),1,False,32,1039.9117851347146,1039.9117692228376,92.74833333333333,93.81,integrated_gradients,13
0.001,<class 'torch.optim.adam.Adam'>,CrossEntropyLoss(),1,False,32,1500.0112,1500.0112,91.91666666666667,94.21,deeplift,14
0.001,<class 'torch.optim.adam.Adam'>,CrossEntropyLoss(),1,False,32,4506.231897971184,4506.232080851664,91.91666666666667,94.21,integrated_gradients,14
0.001,<class 'torch.optim.adam.Adam'>,CrossEntropyLoss(),1,False,16,1206.7786,1206.7788,92.465,93.07,deeplift,0
0.001,<class 'torch.optim.adam.Adam'>,CrossEntropyLoss(),1,False,16,3621.6467412092143,3621.646820980019,92.465,93.07,integrated_gradients,0
0.001,<class 'torch.optim.adam.Adam'>,CrossEntropyLoss(),1,False,16,1222.5626,1222.5627,92.66333333333333,92.44,deeplift,1
0.001,<class 'torch.optim.adam.Adam'>,CrossEntropyLoss(),1,False,16,3668.868000895919,3668.8679862049125,92.66333333333333,92.44,integrated_gradients,1
0.001,<class 'torch.optim.adam.Adam'>,CrossEntropyLoss(),1,False,16,504.8181,504.81815,92.79166666666667,93.08,deeplift,2
0.001,<class 'torch.optim.adam.Adam'>,CrossEntropyLoss(),1,False,16,1513.2712305076668,1513.2712717918496,92.79166666666667,93.08,integrated_gradients,2
0.001,<class 'torch.optim.adam.Adam'>,CrossEntropyLoss(),1,False,16,583.86523,583.86523,92.61166666666666,92.93,deeplift,3
0.001,<class 'torch.optim.adam.Adam'>,CrossEntropyLoss(),1,False,16,1752.6279985708811,1752.6279339543094,92.61166666666666,92.93,integrated_gradients,3
0.001,<class 'torch.optim.adam.Adam'>,CrossEntropyLoss(),1,False,16,493.52835,493.52844,92.545,93.29,deeplift,4
0.001,<class 'torch.optim.adam.Adam'>,CrossEntropyLoss(),1,False,16,1481.2047909567104,1481.2048239085518,92.545,93.29,integrated_gradients,4
0.001,<class 'torch.optim.adam.Adam'>,CrossEntropyLoss(),1,False,16,1675.6805,1675.6805,92.32666666666667,94.42,deeplift,5
0.001,<class 'torch.optim.adam.Adam'>,CrossEntropyLoss(),1,False,16,5028.946495918517,5028.946691697002,92.32666666666667,94.42,integrated_gradients,5
0.001,<class 'torch.optim.adam.Adam'>,CrossEntropyLoss(),1,False,16,790.193,790.193,92.56,94.34,deeplift,6
0.001,<class 'torch.optim.adam.Adam'>,CrossEntropyLoss(),1,False,16,2371.0358562518027,2371.0358749017046,92.56,94.34,integrated_gradients,6
0.001,<class 'torch.optim.adam.Adam'>,CrossEntropyLoss(),1,False,16,796.7638,796.7636,92.29666666666667,93.96,deeplift,7
0.001,<class 'torch.optim.adam.Adam'>,CrossEntropyLoss(),1,False,16,2391.3759967136557,2391.3760189604413,92.29666666666667,93.96,integrated_gradients,7
0.001,<class 'torch.optim.adam.Adam'>,CrossEntropyLoss(),1,False,16,1559.3473,1559.3473,92.23333333333333,94.09,deeplift,8
0.001,<class 'torch.optim.adam.Adam'>,CrossEntropyLoss(),1,False,16,4685.768741322525,4685.7689412255395,92.23333333333333,94.09,integrated_gradients,8
0.001,<class 'torch.optim.adam.Adam'>,CrossEntropyLoss(),1,False,16,546.567,546.56714,92.565,93.83,deeplift,9
0.001,<class 'torch.optim.adam.Adam'>,CrossEntropyLoss(),1,False,16,1642.4080443337875,1642.407984049737,92.565,93.83,integrated_gradients,9
0.001,<class 'torch.optim.adam.Adam'>,CrossEntropyLoss(),1,False,16,1126.8898,1126.8895,92.14166666666667,90.68,deeplift,10
0.001,<class 'torch.optim.adam.Adam'>,CrossEntropyLoss(),1,False,16,3381.342985185154,3381.261959732862,92.14166666666667,90.68,integrated_gradients,10
0.001,<class 'torch.optim.adam.Adam'>,CrossEntropyLoss(),1,False,16,1368.253,1368.2532,92.32166666666667,92.06,deeplift,11
0.001,<class 'torch.optim.adam.Adam'>,CrossEntropyLoss(),1,False,16,4101.942547006524,4101.942543433584,92.32166666666667,92.06,integrated_gradients,11
0.001,<class 'torch.optim.adam.Adam'>,CrossEntropyLoss(),1,False,16,626.2519,626.252,92.695,90.24,deeplift,12
0.001,<class 'torch.optim.adam.Adam'>,CrossEntropyLoss(),1,False,16,1877.3146093017542,1877.314622124177,92.695,90.24,integrated_gradients,12
0.001,<class 'torch.optim.adam.Adam'>,CrossEntropyLoss(),1,False,16,442.27884,442.27875,92.945,93.47,deeplift,13
0.001,<class 'torch.optim.adam.Adam'>,CrossEntropyLoss(),1,False,16,1327.5175395561994,1327.517523275441,92.945,93.47,integrated_gradients,13
0.001,<class 'torch.optim.adam.Adam'>,CrossEntropyLoss(),1,False,16,1669.5978,1669.5978,92.24666666666667,92.59,deeplift,14
0.001,<class 'torch.optim.adam.Adam'>,CrossEntropyLoss(),1,False,16,5008.778944296322,5008.778906114376,92.24666666666667,92.59,integrated_gradients,14
0.0007,<class 'torch.optim.adam.Adam'>,CrossEntropyLoss(),1,True,64,314.32593,314.326,92.51333333333334,96.03,deeplift,0
0.0007,<class 'torch.optim.adam.Adam'>,CrossEntropyLoss(),1,True,64,942.8815761155331,942.8815421710719,92.51333333333334,96.03,integrated_gradients,0
0.0007,<class 'torch.optim.adam.Adam'>,CrossEntropyLoss(),1,True,64,352.48117,352.48114,92.68666666666667,95.82,deeplift,1
0.0007,<class 'torch.optim.adam.Adam'>,CrossEntropyLoss(),1,True,64,1060.8172971621157,1060.817302469749,92.68666666666667,95.82,integrated_gradients,1
0.0007,<class 'torch.optim.adam.Adam'>,CrossEntropyLoss(),1,True,64,349.97455,349.97443,91.80666666666667,96.09,deeplift,2
0.0007,<class 'torch.optim.adam.Adam'>,CrossEntropyLoss(),1,True,64,1050.1001574776753,1050.1001159689815,91.80666666666667,96.09,integrated_gradients,2
0.0007,<class 'torch.optim.adam.Adam'>,CrossEntropyLoss(),1,True,64,420.22968,420.2297,91.63666666666667,96.19,deeplift,3
0.0007,<class 'torch.optim.adam.Adam'>,CrossEntropyLoss(),1,True,64,1259.2570157542161,1259.2570393428211,91.63666666666667,96.19,integrated_gradients,3
0.0007,<class 'torch.optim.adam.Adam'>,CrossEntropyLoss(),1,True,64,241.15492,241.15498,92.175,94.88,deeplift,4
0.0007,<class 'torch.optim.adam.Adam'>,CrossEntropyLoss(),1,True,64,724.7996420504536,724.7996495339338,92.175,94.88,integrated_gradients,4
0.0007,<class 'torch.optim.adam.Adam'>,CrossEntropyLoss(),1,True,64,476.8901,476.89008,91.77166666666666,95.89,deeplift,5
0.0007,<class 'torch.optim.adam.Adam'>,CrossEntropyLoss(),1,True,64,1435.9223178077598,1435.9223132478287,91.77166666666666,95.89,integrated_gradients,5
0.0007,<class 'torch.optim.adam.Adam'>,CrossEntropyLoss(),1,True,64,303.17038,303.17032,92.285,96.11,deeplift,6
0.0007,<class 'torch.optim.adam.Adam'>,CrossEntropyLoss(),1,True,64,907.3434232019758,907.3434555095192,92.285,96.11,integrated_gradients,6
0.0007,<class 'torch.optim.adam.Adam'>,CrossEntropyLoss(),1,True,64,252.99994,252.99986,92.31833333333333,96.59,deeplift,7
0.0007,<class 'torch.optim.adam.Adam'>,CrossEntropyLoss(),1,True,64,759.2891524935397,759.2890847447742,92.31833333333333,96.59,integrated_gradients,7
0.0007,<class 'torch.optim.adam.Adam'>,CrossEntropyLoss(),1,True,64,318.2685,318.2685,90.51166666666667,95.54,deeplift,8
0.0007,<class 'torch.optim.adam.Adam'>,CrossEntropyLoss(),1,True,64,958.9770908535469,958.9770388363672,90.51166666666667,95.54,integrated_gradients,8
0.0007,<class 'torch.optim.adam.Adam'>,CrossEntropyLoss(),1,True,64,346.48593,346.48584,91.53166666666667,95.91,deeplift,9
0.0007,<class 'torch.optim.adam.Adam'>,CrossEntropyLoss(),1,True,64,1038.5232941468364,1038.5232911660037,91.53166666666667,95.91,integrated_gradients,9
0.0007,<class 'torch.optim.adam.Adam'>,CrossEntropyLoss(),1,True,64,229.38605,229.38605,91.94333333333333,96.45,deeplift,10
0.0007,<class 'torch.optim.adam.Adam'>,CrossEntropyLoss(),1,True,64,687.3945538905613,687.3945806921354,91.94333333333333,96.45,integrated_gradients,10
0.0007,<class 'torch.optim.adam.Adam'>,CrossEntropyLoss(),1,True,64,305.5433,305.54333,89.30166666666666,94.75,deeplift,11
0.0007,<class 'torch.optim.adam.Adam'>,CrossEntropyLoss(),1,True,64,918.9303026252232,918.9302972991152,89.30166666666666,94.75,integrated_gradients,11
0.0007,<class 'torch.optim.adam.Adam'>,CrossEntropyLoss(),1,True,64,270.47522,270.47525,92.615,96.28,deeplift,12
0.0007,<class 'torch.optim.adam.Adam'>,CrossEntropyLoss(),1,True,64,813.2468925727991,813.2468969217607,92.615,96.28,integrated_gradients,12
0.0007,<class 'torch.optim.adam.Adam'>,CrossEntropyLoss(),1,True,64,191.1981,191.1981,92.40166666666667,96.54,deeplift,13
0.0007,<class 'torch.optim.adam.Adam'>,CrossEntropyLoss(),1,True,64,574.6307506681395,574.6307274787342,92.40166666666667,96.54,integrated_gradients,13
0.0007,<class 'torch.optim.adam.Adam'>,CrossEntropyLoss(),1,True,64,764.44666,764.4467,91.05,94.98,deeplift,14
0.0007,<class 'torch.optim.adam.Adam'>,CrossEntropyLoss(),1,True,64,2290.241808265154,2290.241844212144,91.05,94.98,integrated_gradients,14
0.0007,<class 'torch.optim.adam.Adam'>,CrossEntropyLoss(),1,True,32,617.4289,617.42883,92.83333333333333,95.09,deeplift,0
0.0007,<class 'torch.optim.adam.Adam'>,CrossEntropyLoss(),1,True,32,1854.5186206870292,1854.5186117711985,92.83333333333333,95.09,integrated_gradients,0
0.0007,<class 'torch.optim.adam.Adam'>,CrossEntropyLoss(),1,True,32,591.7944,591.7942,93.24333333333334,96.52,deeplift,1
0.0007,<class 'torch.optim.adam.Adam'>,CrossEntropyLoss(),1,True,32,1774.6032033375288,1774.6032023944483,93.24333333333334,96.52,integrated_gradients,1
0.0007,<class 'torch.optim.adam.Adam'>,CrossEntropyLoss(),1,True,32,340.57352,340.57346,92.77833333333334,96.31,deeplift,2
0.0007,<class 'torch.optim.adam.Adam'>,CrossEntropyLoss(),1,True,32,1021.5742539867219,1021.5742301326551,92.77833333333334,96.31,integrated_gradients,2
0.0007,<class 'torch.optim.adam.Adam'>,CrossEntropyLoss(),1,True,32,642.3933,642.3933,92.40833333333333,95.89,deeplift,3
0.0007,<class 'torch.optim.adam.Adam'>,CrossEntropyLoss(),1,True,32,1924.2076351924463,1924.2076206292331,92.40833333333333,95.89,integrated_gradients,3
0.0007,<class 'torch.optim.adam.Adam'>,CrossEntropyLoss(),1,True,32,488.023,488.023,92.98,95.05,deeplift,4
0.0007,<class 'torch.optim.adam.Adam'>,CrossEntropyLoss(),1,True,32,1468.41293063236,1468.4129854487892,92.98,95.05,integrated_gradients,4
0.0007,<class 'torch.optim.adam.Adam'>,CrossEntropyLoss(),1,True,32,393.56815,393.56808,92.42666666666666,95.72,deeplift,5
0.0007,<class 'torch.optim.adam.Adam'>,CrossEntropyLoss(),1,True,32,1183.4020616035973,1183.4020658392908,92.42666666666666,95.72,integrated_gradients,5
0.0007,<class 'torch.optim.adam.Adam'>,CrossEntropyLoss(),1,True,32,693.97076,693.97076,92.93833333333333,96.08,deeplift,6
0.0007,<class 'torch.optim.adam.Adam'>,CrossEntropyLoss(),1,True,32,2081.396270439557,2081.3962954403823,92.93833333333333,96.08,integrated_gradients,6
0.0007,<class 'torch.optim.adam.Adam'>,CrossEntropyLoss(),1,True,32,526.0073,526.0072,92.725,96.43,deeplift,7
0.0007,<class 'torch.optim.adam.Adam'>,CrossEntropyLoss(),1,True,32,1577.402969701205,1577.4029533056846,92.725,96.43,integrated_gradients,7
0.0007,<class 'torch.optim.adam.Adam'>,CrossEntropyLoss(),1,True,32,537.1504,537.1504,91.82833333333333,95.49,deeplift,8
0.0007,<class 'torch.optim.adam.Adam'>,CrossEntropyLoss(),1,True,32,1612.800543851489,1612.800523060836,91.82833333333333,95.49,integrated_gradients,8
0.0007,<class 'torch.optim.adam.Adam'>,CrossEntropyLoss(),1,True,32,601.8649,601.86487,92.14,96.06,deeplift,9
0.0007,<class 'torch.optim.adam.Adam'>,CrossEntropyLoss(),1,True,32,1803.9273336980868,1803.9274510438195,92.14,96.06,integrated_gradients,9
0.0007,<class 'torch.optim.adam.Adam'>,CrossEntropyLoss(),1,True,32,408.46225,408.46228,92.78333333333333,96.24,deeplift,10
0.0007,<class 'torch.optim.adam.Adam'>,CrossEntropyLoss(),1,True,32,1223.5707033715012,1223.570674372262,92.78333333333333,96.24,integrated_gradients,10
0.0007,<class 'torch.optim.adam.Adam'>,CrossEntropyLoss(),1,True,32,670.5722,670.5721,92.19166666666666,95.77,deeplift,11
0.0007,<class 'torch.optim.adam.Adam'>,CrossEntropyLoss(),1,True,32,2014.5702482390868,2014.570247865807,92.19166666666666,95.77,integrated_gradients,11
0.0007,<class 'torch.optim.adam.Adam'>,CrossEntropyLoss(),1,True,32,269.59485,269.59476,93.13333333333334,96.23,deeplift,12
0.0007,<class 'torch.optim.adam.Adam'>,CrossEntropyLoss(),1,True,32,807.0307572863024,807.0307346322871,93.13333333333334,96.23,integrated_gradients,12
0.0007,<class 'torch.optim.adam.Adam'>,CrossEntropyLoss(),1,True,32,467.30713,467.3072,93.015,96.39,deeplift,13
0.0007,<class 'torch.optim.adam.Adam'>,CrossEntropyLoss(),1,True,32,1403.0432750328025,1403.0432751813653,93.015,96.39,integrated_gradients,13
0.0007,<class 'torch.optim.adam.Adam'>,CrossEntropyLoss(),1,True,32,1123.5292,1123.5293,92.045,95.54,deeplift,14
0.0007,<class 'torch.optim.adam.Adam'>,CrossEntropyLoss(),1,True,32,3367.8925754247994,3367.892502549606,92.045,95.54,integrated_gradients,14
0.0007,<class 'torch.optim.adam.Adam'>,CrossEntropyLoss(),1,True,16,922.91406,922.9138,92.86,95.7,deeplift,0
0.0007,<class 'torch.optim.adam.Adam'>,CrossEntropyLoss(),1,True,16,2761.067499739948,2761.067501214355,92.86,95.7,integrated_gradients,0
0.0007,<class 'torch.optim.adam.Adam'>,CrossEntropyLoss(),1,True,16,872.1899,872.1899,93.11166666666666,95.89,deeplift,1
0.0007,<class 'torch.optim.adam.Adam'>,CrossEntropyLoss(),1,True,16,2617.698608920734,2617.698702411932,93.11166666666666,95.89,integrated_gradients,1
0.0007,<class 'torch.optim.adam.Adam'>,CrossEntropyLoss(),1,True,16,748.73,748.73,92.97,95.96,deeplift,2
0.0007,<class 'torch.optim.adam.Adam'>,CrossEntropyLoss(),1,True,16,2245.587604839491,2245.587618942885,92.97,95.96,integrated_gradients,2
0.0007,<class 'torch.optim.adam.Adam'>,CrossEntropyLoss(),1,True,16,1003.73065,1003.7306,92.66,95.75,deeplift,3
0.0007,<class 'torch.optim.adam.Adam'>,CrossEntropyLoss(),1,True,16,3008.171162165014,3008.1711189595885,92.66,95.75,integrated_gradients,3
0.0007,<class 'torch.optim.adam.Adam'>,CrossEntropyLoss(),1,True,16,593.0406,593.0408,92.93833333333333,93.98,deeplift,4
0.0007,<class 'torch.optim.adam.Adam'>,CrossEntropyLoss(),1,True,16,1781.970714777378,1781.9707716675348,92.93833333333333,93.98,integrated_gradients,4
0.0007,<class 'torch.optim.adam.Adam'>,CrossEntropyLoss(),1,True,16,1347.7725,1347.7731,92.78333333333333,95.81,deeplift,5
0.0007,<class 'torch.optim.adam.Adam'>,CrossEntropyLoss(),1,True,16,4044.8145211135234,4044.8144651721827,92.78333333333333,95.81,integrated_gradients,5
0.0007,<class 'torch.optim.adam.Adam'>,CrossEntropyLoss(),1,True,16,1210.7102,1210.7102,92.94333333333333,95.46,deeplift,6
0.0007,<class 'torch.optim.adam.Adam'>,CrossEntropyLoss(),1,True,16,3631.7218238486944,3631.7217554856265,92.94333333333333,95.46,integrated_gradients,6
0.0007,<class 'torch.optim.adam.Adam'>,CrossEntropyLoss(),1,True,16,1064.4117,1064.4122,92.53833333333333,95.45,deeplift,7
0.0007,<class 'torch.optim.adam.Adam'>,CrossEntropyLoss(),1,True,16,3190.0447300190376,3190.044754183382,92.53833333333333,95.45,integrated_gradients,7
0.0007,<class 'torch.optim.adam.Adam'>,CrossEntropyLoss(),1,True,16,1302.9309,1302.9315,92.37833333333333,95.34,deeplift,8
0.0007,<class 'torch.optim.adam.Adam'>,CrossEntropyLoss(),1,True,16,3913.3688379473315,3913.3687979547117,92.37833333333333,95.34,integrated_gradients,8
0.0007,<class 'torch.optim.adam.Adam'>,CrossEntropyLoss(),1,True,16,800.63104,800.6309,92.59333333333333,95.68,deeplift,9
0.0007,<class 'torch.optim.adam.Adam'>,CrossEntropyLoss(),1,True,16,2403.9062719852823,2403.906189814874,92.59333333333333,95.68,integrated_gradients,9
0.0007,<class 'torch.optim.adam.Adam'>,CrossEntropyLoss(),1,True,16,1254.7815,1254.781,92.62,96.1,deeplift,10
0.0007,<class 'torch.optim.adam.Adam'>,CrossEntropyLoss(),1,True,16,3763.1972748014978,3763.197271504562,92.62,96.1,integrated_gradients,10
0.0007,<class 'torch.optim.adam.Adam'>,CrossEntropyLoss(),1,True,16,794.56726,794.5673,92.64166666666667,96.11,deeplift,11
0.0007,<class 'torch.optim.adam.Adam'>,CrossEntropyLoss(),1,True,16,2383.8502832877302,2383.8502382519864,92.64166666666667,96.11,integrated_gradients,11
0.0007,<class 'torch.optim.adam.Adam'>,CrossEntropyLoss(),1,True,16,773.4116,773.4116,92.98666666666666,96.04,deeplift,12
0.0007,<class 'torch.optim.adam.Adam'>,CrossEntropyLoss(),1,True,16,2320.774068289909,2320.7739105321,92.98666666666666,96.04,integrated_gradients,12
0.0007,<class 'torch.optim.adam.Adam'>,CrossEntropyLoss(),1,True,16,564.8942,564.8941,93.22333333333333,96.25,deeplift,13
0.0007,<class 'torch.optim.adam.Adam'>,CrossEntropyLoss(),1,True,16,1695.7364648571474,1695.7364683073943,93.22333333333333,96.25,integrated_gradients,13
0.0007,<class 'torch.optim.adam.Adam'>,CrossEntropyLoss(),1,True,16,1198.6466,1198.6465,92.47333333333333,95.05,deeplift,14
0.0007,<class 'torch.optim.adam.Adam'>,CrossEntropyLoss(),1,True,16,3605.7371035553206,3605.7371757392,92.47333333333333,95.05,integrated_gradients,14
0.0007,<class 'torch.optim.adam.Adam'>,CrossEntropyLoss(),1,False,64,525.15247,525.1523,92.105,94.62,deeplift,0
0.0007,<class 'torch.optim.adam.Adam'>,CrossEntropyLoss(),1,False,64,1578.2868687869016,1578.2868418753615,92.105,94.62,integrated_gradients,0
0.0007,<class 'torch.optim.adam.Adam'>,CrossEntropyLoss(),1,False,64,659.93677,659.93677,92.01666666666667,95.09,deeplift,1
0.0007,<class 'torch.optim.adam.Adam'>,CrossEntropyLoss(),1,False,64,1979.5633100689383,1979.563323365653,92.01666666666667,95.09,integrated_gradients,1
0.0007,<class 'torch.optim.adam.Adam'>,CrossEntropyLoss(),1,False,64,356.1924,356.19238,91.425,94.37,deeplift,2
0.0007,<class 'torch.optim.adam.Adam'>,CrossEntropyLoss(),1,False,64,1070.4560545047761,1070.45601890646,91.425,94.37,integrated_gradients,2
0.0007,<class 'torch.optim.adam.Adam'>,CrossEntropyLoss(),1,False,64,500.8823,500.88232,91.13333333333334,93.23,deeplift,3
0.0007,<class 'torch.optim.adam.Adam'>,CrossEntropyLoss(),1,False,64,1500.7660555922275,1500.766064075692,91.13333333333334,93.23,integrated_gradients,3
0.0007,<class 'torch.optim.adam.Adam'>,CrossEntropyLoss(),1,False,64,272.33792,272.3378,91.48,94.77,deeplift,4
0.0007,<class 'torch.optim.adam.Adam'>,CrossEntropyLoss(),1,False,64,817.649258510067,817.6492360871164,91.48,94.77,integrated_gradients,4
0.0007,<class 'torch.optim.adam.Adam'>,CrossEntropyLoss(),1,False,64,453.38623,453.38632,91.34,94.47,deeplift,5
0.0007,<class 'torch.optim.adam.Adam'>,CrossEntropyLoss(),1,False,64,1363.150024443744,1363.1500194332652,91.34,94.47,integrated_gradients,5
0.0007,<class 'torch.optim.adam.Adam'>,CrossEntropyLoss(),1,False,64,369.18384,369.18384,91.79833333333333,94.03,deeplift,6
0.0007,<class 'torch.optim.adam.Adam'>,CrossEntropyLoss(),1,False,64,1108.3203764529774,1108.3203754735252,91.79833333333333,94.03,integrated_gradients,6
0.0007,<class 'torch.optim.adam.Adam'>,CrossEntropyLoss(),1,False,64,253.3967,253.39673,91.66166666666666,93.67,deeplift,7
0.0007,<class 'torch.optim.adam.Adam'>,CrossEntropyLoss(),1,False,64,762.3497247819657,762.3497327667845,91.66166666666666,93.67,integrated_gradients,7
0.0007,<class 'torch.optim.adam.Adam'>,CrossEntropyLoss(),1,False,64,533.12024,533.1203,90.29666666666667,91.72,deeplift,8
0.0007,<class 'torch.optim.adam.Adam'>,CrossEntropyLoss(),1,False,64,1601.1780656177784,1601.178039116954,90.29666666666667,91.72,integrated_gradients,8
0.0007,<class 'torch.optim.adam.Adam'>,CrossEntropyLoss(),1,False,64,381.75497,381.75482,90.74333333333334,93.4,deeplift,9
0.0007,<class 'torch.optim.adam.Adam'>,CrossEntropyLoss(),1,False,64,1146.8081012650814,1146.8081273483367,90.74333333333334,93.4,integrated_gradients,9
0.0007,<class 'torch.optim.adam.Adam'>,CrossEntropyLoss(),1,False,64,396.14603,396.1461,90.90333333333334,94.38,deeplift,10
0.0007,<class 'torch.optim.adam.Adam'>,CrossEntropyLoss(),1,False,64,1186.0139159272167,1186.0139226528079,90.90333333333334,94.38,integrated_gradients,10
0.0007,<class 'torch.optim.adam.Adam'>,CrossEntropyLoss(),1,False,64,352.13736,352.13733,90.98666666666666,94.25,deeplift,11
0.0007,<class 'torch.optim.adam.Adam'>,CrossEntropyLoss(),1,False,64,1057.6566160406453,1057.656657129159,90.98666666666666,94.25,integrated_gradients,11
0.0007,<class 'torch.optim.adam.Adam'>,CrossEntropyLoss(),1,False,64,400.02344,400.02344,91.83666666666667,94.91,deeplift,12
0.0007,<class 'torch.optim.adam.Adam'>,CrossEntropyLoss(),1,False,64,1199.4527623325382,1199.4527308759364,91.83666666666667,94.91,integrated_gradients,12
0.0007,<class 'torch.optim.adam.Adam'>,CrossEntropyLoss(),1,False,64,239.44437,239.44444,92.16166666666666,94.65,deeplift,13
0.0007,<class 'torch.optim.adam.Adam'>,CrossEntropyLoss(),1,False,64,719.3661435983939,719.3661914087637,92.16166666666666,94.65,integrated_gradients,13
0.0007,<class 'torch.optim.adam.Adam'>,CrossEntropyLoss(),1,False,64,654.193,654.1933,90.29333333333334,90.56,deeplift,14
0.0007,<class 'torch.optim.adam.Adam'>,CrossEntropyLoss(),1,False,64,1964.556547529394,1964.5564411919988,90.29333333333334,90.56,integrated_gradients,14
0.0007,<class 'torch.optim.adam.Adam'>,CrossEntropyLoss(),1,False,32,929.3917,929.39197,92.77,94.31,deeplift,0
0.0007,<class 'torch.optim.adam.Adam'>,CrossEntropyLoss(),1,False,32,2781.9839907087057,2781.9841005195926,92.77,94.31,integrated_gradients,0
0.0007,<class 'torch.optim.adam.Adam'>,CrossEntropyLoss(),1,False,32,919.1653,919.1651,92.785,93.68,deeplift,1
0.0007,<class 'torch.optim.adam.Adam'>,CrossEntropyLoss(),1,False,32,2758.650997107977,2758.650997360253,92.785,93.68,integrated_gradients,1
0.0007,<class 'torch.optim.adam.Adam'>,CrossEntropyLoss(),1,False,32,570.11304,570.11316,92.47166666666666,94.96,deeplift,2
0.0007,<class 'torch.optim.adam.Adam'>,CrossEntropyLoss(),1,False,32,1707.7937077941529,1707.793753005343,92.47166666666666,94.96,integrated_gradients,2
0.0007,<class 'torch.optim.adam.Adam'>,CrossEntropyLoss(),1,False,32,743.4498,743.44995,92.155,94.81,deeplift,3
0.0007,<class 'torch.optim.adam.Adam'>,CrossEntropyLoss(),1,False,32,2227.899987554995,2227.8999402247377,92.155,94.81,integrated_gradients,3
0.0007,<class 'torch.optim.adam.Adam'>,CrossEntropyLoss(),1,False,32,430.28638,430.28635,92.54666666666667,95.22,deeplift,4
0.0007,<class 'torch.optim.adam.Adam'>,CrossEntropyLoss(),1,False,32,1293.999036097644,1293.9990087620447,92.54666666666667,95.22,integrated_gradients,4
0.0007,<class 'torch.optim.adam.Adam'>,CrossEntropyLoss(),1,False,32,961.00073,961.00073,92.365,94.84,deeplift,5
0.0007,<class 'torch.optim.adam.Adam'>,CrossEntropyLoss(),1,False,32,2886.630970255503,2886.630997747061,92.365,94.84,integrated_gradients,5
0.0007,<class 'torch.optim.adam.Adam'>,CrossEntropyLoss(),1,False,32,1522.1532,1522.1532,92.45833333333333,95.15,deeplift,6
0.0007,<class 'torch.optim.adam.Adam'>,CrossEntropyLoss(),1,False,32,4566.503919956722,4566.503979340399,92.45833333333333,95.15,integrated_gradients,6
0.0007,<class 'torch.optim.adam.Adam'>,CrossEntropyLoss(),1,False,32,570.12317,570.1234,91.99833333333333,93.12,deeplift,7
0.0007,<class 'torch.optim.adam.Adam'>,CrossEntropyLoss(),1,False,32,1710.3411172110373,1710.341199088367,91.99833333333333,93.12,integrated_gradients,7
0.0007,<class 'torch.optim.adam.Adam'>,CrossEntropyLoss(),1,False,32,380.1675,380.16733,91.91333333333333,95.07,deeplift,8
0.0007,<class 'torch.optim.adam.Adam'>,CrossEntropyLoss(),1,False,32,1146.3784049590038,1146.378441010768,91.91333333333333,95.07,integrated_gradients,8
0.0007,<class 'torch.optim.adam.Adam'>,CrossEntropyLoss(),1,False,32,1006.1148,1006.11475,92.17666666666666,95.11,deeplift,9
0.0007,<class 'torch.optim.adam.Adam'>,CrossEntropyLoss(),1,False,32,3013.901275884804,3013.9015102520207,92.17666666666666,95.11,integrated_gradients,9
0.0007,<class 'torch.optim.adam.Adam'>,CrossEntropyLoss(),1,False,32,897.30634,897.30634,92.115,95.73,deeplift,10
0.0007,<class 'torch.optim.adam.Adam'>,CrossEntropyLoss(),1,False,32,2690.2690801304157,2690.2689751634216,92.115,95.73,integrated_gradients,10
0.0007,<class 'torch.optim.adam.Adam'>,CrossEntropyLoss(),1,False,32,607.04175,607.0417,92.16666666666667,93.72,deeplift,11
0.0007,<class 'torch.optim.adam.Adam'>,CrossEntropyLoss(),1,False,32,1822.1671906809213,1822.16712903428,92.16666666666667,93.72,integrated_gradients,11
0.0007,<class 'torch.optim.adam.Adam'>,CrossEntropyLoss(),1,False,32,460.11115,460.11127,92.80166666666666,94.91,deeplift,12
0.0007,<class 'torch.optim.adam.Adam'>,CrossEntropyLoss(),1,False,32,1378.7660020948642,1378.7660222250736,92.80166666666666,94.91,integrated_gradients,12
0.0007,<class 'torch.optim.adam.Adam'>,CrossEntropyLoss(),1,False,32,447.60486,447.60483,92.75166666666667,95.41,deeplift,13
0.0007,<class 'torch.optim.adam.Adam'>,CrossEntropyLoss(),1,False,32,1342.3794646666347,1342.3795039104316,92.75166666666667,95.41,integrated_gradients,13
0.0007,<class 'torch.optim.adam.Adam'>,CrossEntropyLoss(),1,False,32,1363.6301,1363.6301,91.83833333333334,95.62,deeplift,14
0.0007,<class 'torch.optim.adam.Adam'>,CrossEntropyLoss(),1,False,32,4091.6217178910933,4091.621595654686,91.83833333333334,95.62,integrated_gradients,14
0.0007,<class 'torch.optim.adam.Adam'>,CrossEntropyLoss(),1,False,16,1299.2303,1299.2303,93.08333333333333,92.05,deeplift,0
0.0007,<class 'torch.optim.adam.Adam'>,CrossEntropyLoss(),1,False,16,3900.857363990496,3900.857305813417,93.08333333333333,92.05,integrated_gradients,0
0.0007,<class 'torch.optim.adam.Adam'>,CrossEntropyLoss(),1,False,16,848.8999,848.8997,93.07,93.22,deeplift,1
0.0007,<class 'torch.optim.adam.Adam'>,CrossEntropyLoss(),1,False,16,2553.9181537547656,2553.9181353648783,93.07,93.22,integrated_gradients,1
0.0007,<class 'torch.optim.adam.Adam'>,CrossEntropyLoss(),1,False,16,717.976,717.97577,93.12333333333333,93.38,deeplift,2
0.0007,<class 'torch.optim.adam.Adam'>,CrossEntropyLoss(),1,False,16,2152.132877559132,2152.132818094922,93.12333333333333,93.38,integrated_gradients,2
0.0007,<class 'torch.optim.adam.Adam'>,CrossEntropyLoss(),1,False,16,915.6691,915.66907,92.96166666666667,95.3,deeplift,3
0.0007,<class 'torch.optim.adam.Adam'>,CrossEntropyLoss(),1,False,16,2748.1249562743374,2748.124935610559,92.96166666666667,95.3,integrated_gradients,3
0.0007,<class 'torch.optim.adam.Adam'>,CrossEntropyLoss(),1,False,16,765.99445,765.99457,93.03666666666666,94.3,deeplift,4
0.0007,<class 'torch.optim.adam.Adam'>,CrossEntropyLoss(),1,False,16,2297.3000862475087,2297.3000325844764,93.03666666666666,94.3,integrated_gradients,4
0.0007,<class 'torch.optim.adam.Adam'>,CrossEntropyLoss(),1,False,16,1283.3336,1283.3334,92.93333333333334,93.98,deeplift,5
0.0007,<class 'torch.optim.adam.Adam'>,CrossEntropyLoss(),1,False,16,3854.849849887746,3854.849913097718,92.93333333333334,93.98,integrated_gradients,5
0.0007,<class 'torch.optim.adam.Adam'>,CrossEntropyLoss(),1,False,16,658.7561,658.75604,92.93333333333334,90.71,deeplift,6
0.0007,<class 'torch.optim.adam.Adam'>,CrossEntropyLoss(),1,False,16,1976.2417945754307,1976.2417528658605,92.93333333333334,90.71,integrated_gradients,6
0.0007,<class 'torch.optim.adam.Adam'>,CrossEntropyLoss(),1,False,16,1028.2347,1028.2347,92.625,92.73,deeplift,7
0.0007,<class 'torch.optim.adam.Adam'>,CrossEntropyLoss(),1,False,16,3077.5284921864795,3077.5285777155573,92.625,92.73,integrated_gradients,7
0.0007,<class 'torch.optim.adam.Adam'>,CrossEntropyLoss(),1,False,16,1356.6731,1356.6732,92.325,93.12,deeplift,8
0.0007,<class 'torch.optim.adam.Adam'>,CrossEntropyLoss(),1,False,16,4077.1457094391358,4077.145866936704,92.325,93.12,integrated_gradients,8
0.0007,<class 'torch.optim.adam.Adam'>,CrossEntropyLoss(),1,False,16,1080.7169,1080.7169,92.745,94.4,deeplift,9
0.0007,<class 'torch.optim.adam.Adam'>,CrossEntropyLoss(),1,False,16,3241.6893499907337,3241.6893824265067,92.745,94.4,integrated_gradients,9
0.0007,<class 'torch.optim.adam.Adam'>,CrossEntropyLoss(),1,False,16,715.07074,715.07086,92.79166666666667,90.46,deeplift,10
0.0007,<class 'torch.optim.adam.Adam'>,CrossEntropyLoss(),1,False,16,2148.464136915763,2148.4642121810302,92.79166666666667,90.46,integrated_gradients,10
0.0007,<class 'torch.optim.adam.Adam'>,CrossEntropyLoss(),1,False,16,1179.8994,1179.8997,92.56166666666667,91.86,deeplift,11
0.0007,<class 'torch.optim.adam.Adam'>,CrossEntropyLoss(),1,False,16,3539.8666557950664,3539.8665434160575,92.56166666666667,91.86,integrated_gradients,11
0.0007,<class 'torch.optim.adam.Adam'>,CrossEntropyLoss(),1,False,16,790.8348,790.8348,93.025,91.31,deeplift,12
0.0007,<class 'torch.optim.adam.Adam'>,CrossEntropyLoss(),1,False,16,2370.483077752033,2370.483152098158,93.025,91.31,integrated_gradients,12
0.0007,<class 'torch.optim.adam.Adam'>,CrossEntropyLoss(),1,False,16,392.91003,392.91003,93.18333333333334,93.29,deeplift,13
0.0007,<class 'torch.optim.adam.Adam'>,CrossEntropyLoss(),1,False,16,1178.4250726886544,1178.4251004762184,93.18333333333334,93.29,integrated_gradients,13
0.0007,<class 'torch.optim.adam.Adam'>,CrossEntropyLoss(),1,False,16,1958.0349,1958.0349,92.6,94.27,deeplift,14
0.0007,<class 'torch.optim.adam.Adam'>,CrossEntropyLoss(),1,False,16,5874.342218465227,5874.342335044826,92.6,94.27,integrated_gradients,14
0.0003,<class 'torch.optim.adam.Adam'>,CrossEntropyLoss(),1,True,64,343.02374,343.02374,91.50333333333333,95.78,deeplift,0
0.0003,<class 'torch.optim.adam.Adam'>,CrossEntropyLoss(),1,True,64,1029.9065885165846,1029.9065661563554,91.50333333333333,95.78,integrated_gradients,0
0.0003,<class 'torch.optim.adam.Adam'>,CrossEntropyLoss(),1,True,64,200.25926,200.25931,92.015,96.28,deeplift,1
0.0003,<class 'torch.optim.adam.Adam'>,CrossEntropyLoss(),1,True,64,600.5546714533754,600.5546775994587,92.015,96.28,integrated_gradients,1
0.0003,<class 'torch.optim.adam.Adam'>,CrossEntropyLoss(),1,True,64,198.23898,198.23904,90.33666666666667,95.66,deeplift,2
0.0003,<class 'torch.optim.adam.Adam'>,CrossEntropyLoss(),1,True,64,594.8813433835402,594.8813224738445,90.33666666666667,95.66,integrated_gradients,2
0.0003,<class 'torch.optim.adam.Adam'>,CrossEntropyLoss(),1,True,64,240.79074,240.79068,90.76833333333333,95.99,deeplift,3
0.0003,<class 'torch.optim.adam.Adam'>,CrossEntropyLoss(),1,True,64,721.8966465551235,721.8966216140219,90.76833333333333,95.99,integrated_gradients,3
0.0003,<class 'torch.optim.adam.Adam'>,CrossEntropyLoss(),1,True,64,165.52917,165.5292,90.59833333333333,95.11,deeplift,4
0.0003,<class 'torch.optim.adam.Adam'>,CrossEntropyLoss(),1,True,64,498.9448396070961,498.9448384207708,90.59833333333333,95.11,integrated_gradients,4
0.0003,<class 'torch.optim.adam.Adam'>,CrossEntropyLoss(),1,True,64,360.18945,360.18954,91.15,95.34,deeplift,5
0.0003,<class 'torch.optim.adam.Adam'>,CrossEntropyLoss(),1,True,64,1087.6141407258842,1087.6141090956871,91.15,95.34,integrated_gradients,5
0.0003,<class 'torch.optim.adam.Adam'>,CrossEntropyLoss(),1,True,64,235.93579,235.93576,91.15166666666667,95.61,deeplift,6
0.0003,<class 'torch.optim.adam.Adam'>,CrossEntropyLoss(),1,True,64,701.9111384278232,701.9111586302098,91.15166666666667,95.61,integrated_gradients,6
0.0003,<class 'torch.optim.adam.Adam'>,CrossEntropyLoss(),1,True,64,257.5344,257.53433,90.66166666666666,95.57,deeplift,7
0.0003,<class 'torch.optim.adam.Adam'>,CrossEntropyLoss(),1,True,64,773.838575214343,773.8385448025808,90.66166666666666,95.57,integrated_gradients,7
0.0003,<class 'torch.optim.adam.Adam'>,CrossEntropyLoss(),1,True,64,230.97713,230.97708,89.125,94.14,deeplift,8
0.0003,<class 'torch.optim.adam.Adam'>,CrossEntropyLoss(),1,True,64,696.0729980786726,696.0730011292737,89.125,94.14,integrated_gradients,8
0.0003,<class 'torch.optim.adam.Adam'>,CrossEntropyLoss(),1,True,64,195.32271,195.32266,89.84333333333333,95.67,deeplift,9
0.0003,<class 'torch.optim.adam.Adam'>,CrossEntropyLoss(),1,True,64,585.8765587336757,585.8765713720587,89.84333333333333,95.67,integrated_gradients,9
0.0003,<class 'torch.optim.adam.Adam'>,CrossEntropyLoss(),1,True,64,166.06763,166.06758,90.07833333333333,95.21,deeplift,10
0.0003,<class 'torch.optim.adam.Adam'>,CrossEntropyLoss(),1,True,64,498.4668954698756,498.4668917725654,90.07833333333333,95.21,integrated_gradients,10
0.0003,<class 'torch.optim.adam.Adam'>,CrossEntropyLoss(),1,True,64,207.96451,207.96448,89.10666666666667,94.45,deeplift,11
0.0003,<class 'torch.optim.adam.Adam'>,CrossEntropyLoss(),1,True,64,623.4276290381632,623.4276219810791,89.10666666666667,94.45,integrated_gradients,11
0.0003,<class 'torch.optim.adam.Adam'>,CrossEntropyLoss(),1,True,64,203.82457,203.82454,91.595,95.54,deeplift,12
0.0003,<class 'torch.optim.adam.Adam'>,CrossEntropyLoss(),1,True,64,612.4446351055044,612.4446240269215,91.595,95.54,integrated_gradients,12
0.0003,<class 'torch.optim.adam.Adam'>,CrossEntropyLoss(),1,True,64,246.74792,246.74794,90.71666666666667,95.64,deeplift,13
0.0003,<class 'torch.optim.adam.Adam'>,CrossEntropyLoss(),1,True,64,742.9063983851001,742.9064087142592,90.71666666666667,95.64,integrated_gradients,13
0.0003,<class 'torch.optim.adam.Adam'>,CrossEntropyLoss(),1,True,64,396.1739,396.174,90.32333333333334,95.27,deeplift,14
0.0003,<class 'torch.optim.adam.Adam'>,CrossEntropyLoss(),1,True,64,1187.1127908882934,1187.1128229886478,90.32333333333334,95.27,integrated_gradients,14
0.0003,<class 'torch.optim.adam.Adam'>,CrossEntropyLoss(),1,True,32,315.89188,315.89194,92.56166666666667,95.73,deeplift,0
0.0003,<class 'torch.optim.adam.Adam'>,CrossEntropyLoss(),1,True,32,948.060164989894,948.060176608418,92.56166666666667,95.73,integrated_gradients,0
0.0003,<class 'torch.optim.adam.Adam'>,CrossEntropyLoss(),1,True,32,268.47488,268.47482,93.07333333333334,96.37,deeplift,1
0.0003,<class 'torch.optim.adam.Adam'>,CrossEntropyLoss(),1,True,32,808.0206513475191,808.0206325004638,93.07333333333334,96.37,integrated_gradients,1
0.0003,<class 'torch.optim.adam.Adam'>,CrossEntropyLoss(),1,True,32,294.25043,294.25046,92.14,96.08,deeplift,2
0.0003,<class 'torch.optim.adam.Adam'>,CrossEntropyLoss(),1,True,32,886.061559966414,886.0615561830467,92.14,96.08,integrated_gradients,2
0.0003,<class 'torch.optim.adam.Adam'>,CrossEntropyLoss(),1,True,32,392.8315,392.83148,92.18,95.99,deeplift,3
0.0003,<class 'torch.optim.adam.Adam'>,CrossEntropyLoss(),1,True,32,1175.2024597857583,1175.2025275671615,92.18,95.99,integrated_gradients,3
0.0003,<class 'torch.optim.adam.Adam'>,CrossEntropyLoss(),1,True,32,235.29193,235.29193,92.28,96.06,deeplift,4
0.0003,<class 'torch.optim.adam.Adam'>,CrossEntropyLoss(),1,True,32,710.3000396854662,710.3000430808007,92.28,96.06,integrated_gradients,4
0.0003,<class 'torch.optim.adam.Adam'>,CrossEntropyLoss(),1,True,32,502.2851,502.28506,91.59,95.54,deeplift,5
0.0003,<class 'torch.optim.adam.Adam'>,CrossEntropyLoss(),1,True,32,1514.6945454175213,1514.6946060723412,91.59,95.54,integrated_gradients,5
0.0003,<class 'torch.optim.adam.Adam'>,CrossEntropyLoss(),1,True,32,439.8729,439.87296,92.71833333333333,96.63,deeplift,6
0.0003,<class 'torch.optim.adam.Adam'>,CrossEntropyLoss(),1,True,32,1317.8877074611567,1317.8877059776519,92.71833333333333,96.63,integrated_gradients,6
0.0003,<class 'torch.optim.adam.Adam'>,CrossEntropyLoss(),1,True,32,324.75522,324.75528,92.10333333333334,95.73,deeplift,7
0.0003,<class 'torch.optim.adam.Adam'>,CrossEntropyLoss(),1,True,32,978.6064800051587,978.6064941992515,92.10333333333334,95.73,integrated_gradients,7
0.0003,<class 'torch.optim.adam.Adam'>,CrossEntropyLoss(),1,True,32,342.11642,342.11652,91.265,96.07,deeplift,8
0.0003,<class 'torch.optim.adam.Adam'>,CrossEntropyLoss(),1,True,32,1032.9305842655833,1032.942164644319,91.265,96.07,integrated_gradients,8
0.0003,<class 'torch.optim.adam.Adam'>,CrossEntropyLoss(),1,True,32,328.24536,328.24533,91.175,95.73,deeplift,9
0.0003,<class 'torch.optim.adam.Adam'>,CrossEntropyLoss(),1,True,32,980.9914535423833,980.9914638110274,91.175,95.73,integrated_gradients,9
0.0003,<class 'torch.optim.adam.Adam'>,CrossEntropyLoss(),1,True,32,266.271,266.27106,91.99333333333334,96.27,deeplift,10
0.0003,<class 'torch.optim.adam.Adam'>,CrossEntropyLoss(),1,True,32,799.764296140876,799.7642790354125,91.99333333333334,96.27,integrated_gradients,10
0.0003,<class 'torch.optim.adam.Adam'>,CrossEntropyLoss(),1,True,32,429.28702,429.2871,91.62,96.04,deeplift,11
0.0003,<class 'torch.optim.adam.Adam'>,CrossEntropyLoss(),1,True,32,1288.1065145463097,1288.1064604057738,91.62,96.04,integrated_gradients,11
0.0003,<class 'torch.optim.adam.Adam'>,CrossEntropyLoss(),1,True,32,313.30408,313.30414,92.57833333333333,96.44,deeplift,12
0.0003,<class 'torch.optim.adam.Adam'>,CrossEntropyLoss(),1,True,32,939.9251537242267,939.925161853563,92.57833333333333,96.44,integrated_gradients,12
0.0003,<class 'torch.optim.adam.Adam'>,CrossEntropyLoss(),1,True,32,300.9857,300.9857,92.57666666666667,95.98,deeplift,13
0.0003,<class 'torch.optim.adam.Adam'>,CrossEntropyLoss(),1,True,32,903.1801743430121,903.1801661084942,92.57666666666667,95.98,integrated_gradients,13
0.0003,<class 'torch.optim.adam.Adam'>,CrossEntropyLoss(),1,True,32,615.2246,615.2245,91.63833333333334,95.86,deeplift,14
0.0003,<class 'torch.optim.adam.Adam'>,CrossEntropyLoss(),1,True,32,1843.713555482335,1843.713620502492,91.63833333333334,95.86,integrated_gradients,14
0.0003,<class 'torch.optim.adam.Adam'>,CrossEntropyLoss(),1,True,16,387.60532,387.60526,92.96333333333334,95.75,deeplift,0
0.0003,<class 'torch.optim.adam.Adam'>,CrossEntropyLoss(),1,True,16,1161.6564762213197,1161.6564640914567,92.96333333333334,95.75,integrated_gradients,0
0.0003,<class 'torch.optim.adam.Adam'>,CrossEntropyLoss(),1,True,16,494.3417,494.3417,93.29,96.15,deeplift,1
0.0003,<class 'torch.optim.adam.Adam'>,CrossEntropyLoss(),1,True,16,1484.4699135533465,1484.469902393422,93.29,96.15,integrated_gradients,1
0.0003,<class 'torch.optim.adam.Adam'>,CrossEntropyLoss(),1,True,16,637.73145,637.7313,92.84166666666667,96.21,deeplift,2
0.0003,<class 'torch.optim.adam.Adam'>,CrossEntropyLoss(),1,True,16,1912.9724537650834,1912.9723912646984,92.84166666666667,96.21,integrated_gradients,2
0.0003,<class 'torch.optim.adam.Adam'>,CrossEntropyLoss(),1,True,16,452.70413,452.70407,92.62666666666667,96.14,deeplift,3
0.0003,<class 'torch.optim.adam.Adam'>,CrossEntropyLoss(),1,True,16,1355.0706096605386,1355.070628948543,92.62666666666667,96.14,integrated_gradients,3
0.0003,<class 'torch.optim.adam.Adam'>,CrossEntropyLoss(),1,True,16,570.67004,570.6701,93.05166666666666,95.9,deeplift,4
0.0003,<class 'torch.optim.adam.Adam'>,CrossEntropyLoss(),1,True,16,1717.4376406640113,1717.4376156912033,93.05166666666666,95.9,integrated_gradients,4
0.0003,<class 'torch.optim.adam.Adam'>,CrossEntropyLoss(),1,True,16,555.81976,555.8196,92.69,96.1,deeplift,5
0.0003,<class 'torch.optim.adam.Adam'>,CrossEntropyLoss(),1,True,16,1669.813196672868,1669.8132127424742,92.69,96.1,integrated_gradients,5
0.0003,<class 'torch.optim.adam.Adam'>,CrossEntropyLoss(),1,True,16,667.7288,667.72876,93.32,96.69,deeplift,6
0.0003,<class 'torch.optim.adam.Adam'>,CrossEntropyLoss(),1,True,16,2002.3807896924638,2002.3807959191493,93.32,96.69,integrated_gradients,6
0.0003,<class 'torch.optim.adam.Adam'>,CrossEntropyLoss(),1,True,16,404.6107,404.61063,92.37,95.66,deeplift,7
0.0003,<class 'torch.optim.adam.Adam'>,CrossEntropyLoss(),1,True,16,1210.2704372949368,1210.2704242930806,92.37,95.66,integrated_gradients,7
0.0003,<class 'torch.optim.adam.Adam'>,CrossEntropyLoss(),1,True,16,535.43787,535.43787,92.47666666666667,96.15,deeplift,8
0.0003,<class 'torch.optim.adam.Adam'>,CrossEntropyLoss(),1,True,16,1609.7038504851648,1609.7038502674552,92.47666666666667,96.15,integrated_gradients,8
0.0003,<class 'torch.optim.adam.Adam'>,CrossEntropyLoss(),1,True,16,516.29565,516.2956,92.58666666666667,96.26,deeplift,9
0.0003,<class 'torch.optim.adam.Adam'>,CrossEntropyLoss(),1,True,16,1547.4840811682484,1547.484089539133,92.58666666666667,96.26,integrated_gradients,9
0.0003,<class 'torch.optim.adam.Adam'>,CrossEntropyLoss(),1,True,16,599.1726,599.1726,92.41833333333334,96.31,deeplift,10
0.0003,<class 'torch.optim.adam.Adam'>,CrossEntropyLoss(),1,True,16,1795.2388286286935,1795.238763542033,92.41833333333334,96.31,integrated_gradients,10
0.0003,<class 'torch.optim.adam.Adam'>,CrossEntropyLoss(),1,True,16,418.9212,418.92123,92.735,95.75,deeplift,11
0.0003,<class 'torch.optim.adam.Adam'>,CrossEntropyLoss(),1,True,16,1256.9476162589765,1256.947669861179,92.735,95.75,integrated_gradients,11
0.0003,<class 'torch.optim.adam.Adam'>,CrossEntropyLoss(),1,True,16,404.94028,404.94037,93.10666666666667,96.1,deeplift,12
0.0003,<class 'torch.optim.adam.Adam'>,CrossEntropyLoss(),1,True,16,1213.9462290163265,1213.9461956282796,93.10666666666667,96.1,integrated_gradients,12
0.0003,<class 'torch.optim.adam.Adam'>,CrossEntropyLoss(),1,True,16,385.20407,385.2041,93.37333333333333,96.76,deeplift,13
0.0003,<class 'torch.optim.adam.Adam'>,CrossEntropyLoss(),1,True,16,1154.2157892648725,1154.2158018079276,93.37333333333333,96.76,integrated_gradients,13
0.0003,<class 'torch.optim.adam.Adam'>,CrossEntropyLoss(),1,True,16,550.8379,550.8379,92.335,95.42,deeplift,14
0.0003,<class 'torch.optim.adam.Adam'>,CrossEntropyLoss(),1,True,16,1650.3098495065483,1650.3170432098702,92.335,95.42,integrated_gradients,14
0.0003,<class 'torch.optim.adam.Adam'>,CrossEntropyLoss(),1,False,64,305.99426,305.99435,91.13166666666666,95.37,deeplift,0
0.0003,<class 'torch.optim.adam.Adam'>,CrossEntropyLoss(),1,False,64,915.4788695565475,915.4788817340348,91.13166666666666,95.37,integrated_gradients,0
0.0003,<class 'torch.optim.adam.Adam'>,CrossEntropyLoss(),1,False,64,487.4623,487.46237,91.72333333333333,95.13,deeplift,1
0.0003,<class 'torch.optim.adam.Adam'>,CrossEntropyLoss(),1,False,64,1462.4041102140302,1462.4041847308752,91.72333333333333,95.13,integrated_gradients,1
0.0003,<class 'torch.optim.adam.Adam'>,CrossEntropyLoss(),1,False,64,260.6046,260.60464,90.61833333333334,94.87,deeplift,2
0.0003,<class 'torch.optim.adam.Adam'>,CrossEntropyLoss(),1,False,64,784.1368650629307,784.1368372013093,90.61833333333334,94.87,integrated_gradients,2
0.0003,<class 'torch.optim.adam.Adam'>,CrossEntropyLoss(),1,False,64,297.1846,297.18463,90.58166666666666,94.72,deeplift,3
0.0003,<class 'torch.optim.adam.Adam'>,CrossEntropyLoss(),1,False,64,893.198513628635,893.1985022116211,90.58166666666666,94.72,integrated_gradients,3
0.0003,<class 'torch.optim.adam.Adam'>,CrossEntropyLoss(),1,False,64,235.96399,235.96397,89.91,94.04,deeplift,4
0.0003,<class 'torch.optim.adam.Adam'>,CrossEntropyLoss(),1,False,64,713.5803255745186,713.5803071151571,89.91,94.04,integrated_gradients,4
0.0003,<class 'torch.optim.adam.Adam'>,CrossEntropyLoss(),1,False,64,310.23523,310.23526,90.77166666666666,93.65,deeplift,5
0.0003,<class 'torch.optim.adam.Adam'>,CrossEntropyLoss(),1,False,64,931.0778221740597,931.0778277519753,90.77166666666666,93.65,integrated_gradients,5
0.0003,<class 'torch.optim.adam.Adam'>,CrossEntropyLoss(),1,False,64,354.53784,354.5379,91.28166666666667,93.38,deeplift,6
0.0003,<class 'torch.optim.adam.Adam'>,CrossEntropyLoss(),1,False,64,1061.6553282708792,1061.65529038749,91.28166666666667,93.38,integrated_gradients,6
0.0003,<class 'torch.optim.adam.Adam'>,CrossEntropyLoss(),1,False,64,296.37787,296.37775,90.16666666666667,94.45,deeplift,7
0.0003,<class 'torch.optim.adam.Adam'>,CrossEntropyLoss(),1,False,64,889.766442184265,889.7664176890779,90.16666666666667,94.45,integrated_gradients,7
0.0003,<class 'torch.optim.adam.Adam'>,CrossEntropyLoss(),1,False,64,317.84326,317.84323,89.485,92.58,deeplift,8
0.0003,<class 'torch.optim.adam.Adam'>,CrossEntropyLoss(),1,False,64,955.9137427733914,955.9137404790459,89.485,92.58,integrated_gradients,8
0.0003,<class 'torch.optim.adam.Adam'>,CrossEntropyLoss(),1,False,64,299.38605,299.3861,89.64333333333333,93.07,deeplift,9
0.0003,<class 'torch.optim.adam.Adam'>,CrossEntropyLoss(),1,False,64,901.3910514167484,901.391065768678,89.64333333333333,93.07,integrated_gradients,9
0.0003,<class 'torch.optim.adam.Adam'>,CrossEntropyLoss(),1,False,64,301.52756,301.5276,90.04,94.7,deeplift,10
0.0003,<class 'torch.optim.adam.Adam'>,CrossEntropyLoss(),1,False,64,906.2480646936209,906.2480808522043,90.04,94.7,integrated_gradients,10
0.0003,<class 'torch.optim.adam.Adam'>,CrossEntropyLoss(),1,False,64,248.86696,248.86696,88.90833333333333,93.37,deeplift,11
0.0003,<class 'torch.optim.adam.Adam'>,CrossEntropyLoss(),1,False,64,747.1204164421096,747.1204355096613,88.90833333333333,93.37,integrated_gradients,11
0.0003,<class 'torch.optim.adam.Adam'>,CrossEntropyLoss(),1,False,64,242.96931,242.96933,90.98833333333333,94.39,deeplift,12
0.0003,<class 'torch.optim.adam.Adam'>,CrossEntropyLoss(),1,False,64,727.8216910494183,727.8217256413769,90.98833333333333,94.39,integrated_gradients,12
0.0003,<class 'torch.optim.adam.Adam'>,CrossEntropyLoss(),1,False,64,221.99533,221.99533,91.27666666666667,94.77,deeplift,13
0.0003,<class 'torch.optim.adam.Adam'>,CrossEntropyLoss(),1,False,64,664.4077313206766,664.4077544474839,91.27666666666667,94.77,integrated_gradients,13
0.0003,<class 'torch.optim.adam.Adam'>,CrossEntropyLoss(),1,False,64,375.9838,375.98367,89.83166666666666,92.15,deeplift,14
0.0003,<class 'torch.optim.adam.Adam'>,CrossEntropyLoss(),1,False,64,1130.7087271670453,1130.7087190077086,89.83166666666666,92.15,integrated_gradients,14
0.0003,<class 'torch.optim.adam.Adam'>,CrossEntropyLoss(),1,False,32,448.0154,448.01538,92.43833333333333,95.04,deeplift,0
0.0003,<class 'torch.optim.adam.Adam'>,CrossEntropyLoss(),1,False,32,1346.4206922357484,1346.4035258045715,92.43833333333333,95.04,integrated_gradients,0
0.0003,<class 'torch.optim.adam.Adam'>,CrossEntropyLoss(),1,False,32,411.20563,411.20566,92.48,94.3,deeplift,1
0.0003,<class 'torch.optim.adam.Adam'>,CrossEntropyLoss(),1,False,32,1236.273564277335,1236.2735639049265,92.48,94.3,integrated_gradients,1
0.0003,<class 'torch.optim.adam.Adam'>,CrossEntropyLoss(),1,False,32,345.07782,345.0778,92.05833333333334,94.44,deeplift,2
0.0003,<class 'torch.optim.adam.Adam'>,CrossEntropyLoss(),1,False,32,1035.50529018081,1035.5029450216805,92.05833333333334,94.44,integrated_gradients,2
0.0003,<class 'torch.optim.adam.Adam'>,CrossEntropyLoss(),1,False,32,561.98474,561.98474,92.01166666666667,94.74,deeplift,3
0.0003,<class 'torch.optim.adam.Adam'>,CrossEntropyLoss(),1,False,32,1683.9608010359336,1683.9608948672337,92.01166666666667,94.74,integrated_gradients,3
0.0003,<class 'torch.optim.adam.Adam'>,CrossEntropyLoss(),1,False,32,435.85565,435.85574,92.005,93.56,deeplift,4
0.0003,<class 'torch.optim.adam.Adam'>,CrossEntropyLoss(),1,False,32,1311.0691618610251,1311.0691484646452,92.005,93.56,integrated_gradients,4
0.0003,<class 'torch.optim.adam.Adam'>,CrossEntropyLoss(),1,False,32,509.10275,509.1028,92.30333333333333,93.69,deeplift,5
0.0003,<class 'torch.optim.adam.Adam'>,CrossEntropyLoss(),1,False,32,1533.9234851973893,1533.9235135185331,92.30333333333333,93.69,integrated_gradients,5
0.0003,<class 'torch.optim.adam.Adam'>,CrossEntropyLoss(),1,False,32,446.17294,446.17294,92.51833333333333,95.25,deeplift,6
0.0003,<class 'torch.optim.adam.Adam'>,CrossEntropyLoss(),1,False,32,1336.6491200483058,1336.6491841210582,92.51833333333333,95.25,integrated_gradients,6
0.0003,<class 'torch.optim.adam.Adam'>,CrossEntropyLoss(),1,False,32,346.78827,346.78824,91.37833333333333,94.12,deeplift,7
0.0003,<class 'torch.optim.adam.Adam'>,CrossEntropyLoss(),1,False,32,1041.161248982964,1041.1612578733095,91.37833333333333,94.12,integrated_gradients,7
0.0003,<class 'torch.optim.adam.Adam'>,CrossEntropyLoss(),1,False,32,402.60577,402.60568,90.87,94.92,deeplift,8
0.0003,<class 'torch.optim.adam.Adam'>,CrossEntropyLoss(),1,False,32,1212.0316462747796,1212.0316037457858,90.87,94.92,integrated_gradients,8
0.0003,<class 'torch.optim.adam.Adam'>,CrossEntropyLoss(),1,False,32,321.71594,321.71585,91.08,94.93,deeplift,9
0.0003,<class 'torch.optim.adam.Adam'>,CrossEntropyLoss(),1,False,32,964.4051610585678,964.4051812430617,91.08,94.93,integrated_gradients,9
0.0003,<class 'torch.optim.adam.Adam'>,CrossEntropyLoss(),1,False,32,334.34335,334.34338,91.285,94.03,deeplift,10
0.0003,<class 'torch.optim.adam.Adam'>,CrossEntropyLoss(),1,False,32,999.6208435341259,999.620872174554,91.285,94.03,integrated_gradients,10
0.0003,<class 'torch.optim.adam.Adam'>,CrossEntropyLoss(),1,False,32,305.68845,305.6884,91.58833333333334,92.88,deeplift,11
0.0003,<class 'torch.optim.adam.Adam'>,CrossEntropyLoss(),1,False,32,918.5282067826946,918.5282044492693,91.58833333333334,92.88,integrated_gradients,11
0.0003,<class 'torch.optim.adam.Adam'>,CrossEntropyLoss(),1,False,32,213.57005,213.56999,92.39,95.04,deeplift,12
0.0003,<class 'torch.optim.adam.Adam'>,CrossEntropyLoss(),1,False,32,643.1699545211952,643.1699508918018,92.39,95.04,integrated_gradients,12
0.0003,<class 'torch.optim.adam.Adam'>,CrossEntropyLoss(),1,False,32,331.90796,331.90796,92.05333333333333,94.28,deeplift,13
0.0003,<class 'torch.optim.adam.Adam'>,CrossEntropyLoss(),1,False,32,996.8653881291019,996.8653853093175,92.05333333333333,94.28,integrated_gradients,13
0.0003,<class 'torch.optim.adam.Adam'>,CrossEntropyLoss(),1,False,32,740.99634,740.9964,91.23166666666667,93.73,deeplift,14
0.0003,<class 'torch.optim.adam.Adam'>,CrossEntropyLoss(),1,False,32,2224.5001329201427,2224.5001427838547,91.23166666666667,93.73,integrated_gradients,14
0.0003,<class 'torch.optim.adam.Adam'>,CrossEntropyLoss(),1,False,16,548.9049,548.9049,93.43,95.09,deeplift,0
0.0003,<class 'torch.optim.adam.Adam'>,CrossEntropyLoss(),1,False,16,1647.0786833427317,1647.0786363677462,93.43,95.09,integrated_gradients,0
0.0003,<class 'torch.optim.adam.Adam'>,CrossEntropyLoss(),1,False,16,517.83093,517.8309,93.18833333333333,93.95,deeplift,1
0.0003,<class 'torch.optim.adam.Adam'>,CrossEntropyLoss(),1,False,16,1553.469858783846,1553.4698312767014,93.18833333333333,93.95,integrated_gradients,1
0.0003,<class 'torch.optim.adam.Adam'>,CrossEntropyLoss(),1,False,16,678.95056,678.9507,92.83166666666666,94.21,deeplift,2
0.0003,<class 'torch.optim.adam.Adam'>,CrossEntropyLoss(),1,False,16,2039.1991801655204,2039.199150595725,92.83166666666666,94.21,integrated_gradients,2
0.0003,<class 'torch.optim.adam.Adam'>,CrossEntropyLoss(),1,False,16,450.36047,450.36035,93.19333333333333,94.79,deeplift,3
0.0003,<class 'torch.optim.adam.Adam'>,CrossEntropyLoss(),1,False,16,1347.4261796333303,1347.4262150601264,93.19333333333333,94.79,integrated_gradients,3
0.0003,<class 'torch.optim.adam.Adam'>,CrossEntropyLoss(),1,False,16,445.79453,445.7945,93.09666666666666,94.1,deeplift,4
0.0003,<class 'torch.optim.adam.Adam'>,CrossEntropyLoss(),1,False,16,1341.5858956220395,1341.5858346168395,93.09666666666666,94.1,integrated_gradients,4
0.0003,<class 'torch.optim.adam.Adam'>,CrossEntropyLoss(),1,False,16,611.54584,611.54565,93.10166666666667,94.02,deeplift,5
0.0003,<class 'torch.optim.adam.Adam'>,CrossEntropyLoss(),1,False,16,1837.51856384626,1837.5185456303882,93.10166666666667,94.02,integrated_gradients,5
0.0003,<class 'torch.optim.adam.Adam'>,CrossEntropyLoss(),1,False,16,684.737,684.73694,93.57833333333333,94.82,deeplift,6
0.0003,<class 'torch.optim.adam.Adam'>,CrossEntropyLoss(),1,False,16,2055.3030058648187,2055.3029372606943,93.57833333333333,94.82,integrated_gradients,6
0.0003,<class 'torch.optim.adam.Adam'>,CrossEntropyLoss(),1,False,16,321.7415,321.74146,92.665,95.28,deeplift,7
0.0003,<class 'torch.optim.adam.Adam'>,CrossEntropyLoss(),1,False,16,966.6833172243796,966.6832938245286,92.665,95.28,integrated_gradients,7
0.0003,<class 'torch.optim.adam.Adam'>,CrossEntropyLoss(),1,False,16,497.2786,497.27863,92.30666666666667,94.58,deeplift,8
0.0003,<class 'torch.optim.adam.Adam'>,CrossEntropyLoss(),1,False,16,1497.0286054251142,1497.028544723268,92.30666666666667,94.58,integrated_gradients,8
0.0003,<class 'torch.optim.adam.Adam'>,CrossEntropyLoss(),1,False,16,533.8094,533.8093,92.74333333333334,95.37,deeplift,9
0.0003,<class 'torch.optim.adam.Adam'>,CrossEntropyLoss(),1,False,16,1600.6955768407338,1600.6956234723573,92.74333333333334,95.37,integrated_gradients,9
0.0003,<class 'torch.optim.adam.Adam'>,CrossEntropyLoss(),1,False,16,443.467,443.46686,92.425,92.06,deeplift,10
0.0003,<class 'torch.optim.adam.Adam'>,CrossEntropyLoss(),1,False,16,1329.1893376706578,1329.1893259170133,92.425,92.06,integrated_gradients,10
0.0003,<class 'torch.optim.adam.Adam'>,CrossEntropyLoss(),1,False,16,407.64035,407.64032,92.57666666666667,94.47,deeplift,11
0.0003,<class 'torch.optim.adam.Adam'>,CrossEntropyLoss(),1,False,16,1220.4078477192365,1220.4078340665412,92.57666666666667,94.47,integrated_gradients,11
0.0003,<class 'torch.optim.adam.Adam'>,CrossEntropyLoss(),1,False,16,419.36328,419.36313,93.38833333333334,94.41,deeplift,12
0.0003,<class 'torch.optim.adam.Adam'>,CrossEntropyLoss(),1,False,16,1256.6641125139204,1256.664048638088,93.38833333333334,94.41,integrated_gradients,12
0.0003,<class 'torch.optim.adam.Adam'>,CrossEntropyLoss(),1,False,16,410.59097,410.591,93.16666666666667,94.56,deeplift,13
0.0003,<class 'torch.optim.adam.Adam'>,CrossEntropyLoss(),1,False,16,1231.6536852332574,1231.6536815832533,93.16666666666667,94.56,integrated_gradients,13
0.0003,<class 'torch.optim.adam.Adam'>,CrossEntropyLoss(),1,False,16,790.7488,790.7489,92.36333333333333,95.39,deeplift,14
0.0003,<class 'torch.optim.adam.Adam'>,CrossEntropyLoss(),1,False,16,2378.1777737958846,2378.1777431929336,92.36333333333333,95.39,integrated_gradients,14
